5.11.8.0/21,4558
5.11.11.5/32,4558
5.11.11.11/32,4558
37.209.192.0/24,4558
41.57.96.0/20,4558
41.57.96.0/20,36866
41.57.96.0/23,4558
41.57.96.0/23,36866
41.57.98.0/23,4558
41.57.98.0/23,36866
41.57.100.0/23,4558
41.57.100.0/23,36866
41.57.100.0/24,4558
41.57.100.0/24,36866
41.57.101.0/24,4558
41.57.101.0/24,36866
41.57.102.0/23,4558
41.57.102.0/23,36866
41.57.104.0/23,4558
41.57.104.0/23,36866
41.57.106.0/23,4558
41.57.106.0/23,36866
41.57.108.0/23,4558
41.57.108.0/23,36866
41.57.109.0/24,4558
41.57.109.0/24,36866
41.57.110.0/23,4558
41.57.110.0/23,36866
41.57.111.0/24,4558
41.57.111.0/24,36866
41.60.0.0/17,4558
41.60.10.0/23,4558
41.60.192.0/19,4558
41.63.0.0/18,4558
41.72.192.0/19,4558
41.72.192.0/19,33770
41.72.192.0/24,4558
41.72.192.0/24,33770
41.72.193.0/24,4558
41.72.193.0/24,33770
41.72.194.0/24,4558
41.72.194.0/24,33770
41.72.195.0/24,4558
41.72.195.0/24,33770
41.72.196.0/24,4558
41.72.196.0/24,33770
41.72.197.0/24,4558
41.72.197.0/24,33770
41.72.198.0/24,4558
41.72.198.0/24,33770
41.72.206.0/24,4558
41.72.206.0/24,33770
41.72.207.0/24,4558
41.72.207.0/24,33770
41.72.209.0/24,4558
41.72.209.0/24,33770
41.72.212.0/24,4558
41.72.212.0/24,33770
41.72.213.0/24,4558
41.72.213.0/24,33770
41.72.214.0/24,4558
41.72.214.0/24,33770
41.72.216.0/24,4558
41.72.216.0/24,33770
41.72.217.0/24,4558
41.72.217.0/24,33770
41.72.218.0/24,4558
41.72.218.0/24,33770
41.72.219.0/24,4558
41.72.219.0/24,33770
41.72.220.0/24,4558
41.72.220.0/24,33770
41.72.221.0/24,4558
41.72.221.0/24,33770
41.72.222.0/24,4558
41.72.222.0/24,33770
41.72.223.0/24,4558
41.72.223.0/24,33770
41.74.144.0/20,4558
41.74.160.0/20,4558
41.74.160.0/22,4558
41.74.164.0/22,4558
41.74.168.0/22,4558
41.74.172.0/22,4558
41.75.32.0/21,4558
41.75.32.0/21,33770
41.75.144.0/20,4558
41.75.160.0/20,4558
41.75.160.0/20,37273
41.75.160.0/21,4558
41.75.160.0/21,37273
41.75.160.0/22,4558
41.75.160.0/22,37273
41.75.160.0/23,4558
41.75.160.0/23,37273
41.75.160.0/24,4558
41.75.160.0/24,37273
41.75.161.0/24,4558
41.75.161.0/24,37273
41.75.162.0/23,4558
41.75.162.0/23,37273
41.75.162.0/24,4558
41.75.162.0/24,37273
41.75.163.0/24,4558
41.75.163.0/24,37273
41.75.164.0/22,4558
41.75.164.0/22,37273
41.75.164.0/23,4558
41.75.164.0/23,37273
41.75.164.0/24,4558
41.75.164.0/24,37273
41.75.165.0/24,4558
41.75.165.0/24,37273
41.75.166.0/23,4558
41.75.166.0/23,37273
41.75.166.0/24,4558
41.75.166.0/24,37273
41.75.167.0/24,4558
41.75.167.0/24,37273
41.75.168.0/21,4558
41.75.168.0/21,37273
41.75.168.0/22,4558
41.75.168.0/22,37273
41.75.168.0/23,4558
41.75.168.0/23,37273
41.75.168.0/24,4558
41.75.168.0/24,37273
41.75.169.0/24,4558
41.75.169.0/24,37273
41.75.170.0/23,4558
41.75.170.0/23,37273
41.75.170.0/24,4558
41.75.170.0/24,37273
41.75.171.0/24,4558
41.75.171.0/24,37273
41.75.172.0/22,4558
41.75.172.0/22,37273
41.75.172.0/23,4558
41.75.172.0/23,37273
41.75.172.0/24,4558
41.75.172.0/24,37273
41.75.173.0/24,4558
41.75.173.0/24,37273
41.75.174.0/23,4558
41.75.174.0/23,37273
41.75.174.0/24,4558
41.75.174.0/24,37273
41.75.175.0/24,4558
41.75.175.0/24,37273
41.75.176.0/20,4558
41.75.176.0/20,37273
41.75.176.0/21,4558
41.75.176.0/21,37273
41.75.176.0/24,4558
41.75.176.0/24,37273
41.75.177.0/24,4558
41.75.177.0/24,37273
41.75.184.0/24,4558
41.75.184.0/24,37273
41.76.168.0/21,4558
41.76.168.0/22,4558
41.76.172.0/22,4558
41.77.72.0/21,4558
41.77.72.0/21,37273
41.77.72.0/24,4558
41.77.72.0/24,37273
41.77.73.0/24,4558
41.77.73.0/24,37273
41.77.74.0/24,4558
41.77.74.0/24,37273
41.77.75.0/24,4558
41.77.75.0/24,37273
41.77.76.0/24,4558
41.77.76.0/24,37273
41.77.77.0/24,4558
41.77.77.0/24,37273
41.77.78.0/24,4558
41.77.78.0/24,37273
41.77.79.0/24,4558
41.77.79.0/24,37273
41.77.144.0/21,4558
41.77.221.0/24,4558
41.77.222.0/24,4558
41.78.0.0/22,4558
41.78.24.0/22,4558
41.78.24.0/22,37156
41.78.24.0/24,4558
41.78.24.0/24,37156
41.78.25.0/24,4558
41.78.25.0/24,37156
41.78.26.0/24,4558
41.78.26.0/24,37156
41.78.27.0/24,4558
41.78.27.0/24,37156
41.78.72.0/22,4558
41.78.72.0/24,4558
41.78.73.0/24,4558
41.79.28.0/22,4558
41.79.44.0/22,4558
41.79.56.0/22,4558
41.79.68.0/22,4558
41.79.132.0/22,4558
41.79.132.0/23,4558
41.79.132.0/24,4558
41.79.133.0/24,4558
41.79.168.0/22,4558
41.79.168.0/22,37156
41.79.169.0/24,4558
41.79.169.0/24,37156
41.79.224.0/23,4558
41.79.227.0/24,4558
41.79.228.0/22,4558
41.79.228.0/22,33770
41.80.0.0/15,4558
41.80.0.0/15,33771
41.80.0.0/17,4558
41.80.0.0/17,33771
41.80.128.0/17,4558
41.80.128.0/17,33771
41.81.0.0/17,4558
41.81.0.0/17,33771
41.81.128.0/17,4558
41.81.128.0/17,33771
41.84.128.0/19,4558
41.84.128.0/19,33770
41.84.128.0/20,4558
41.84.128.0/20,33770
41.84.128.0/24,4558
41.84.128.0/24,33770
41.84.129.0/24,4558
41.84.129.0/24,33770
41.84.134.0/24,4558
41.84.134.0/24,33770
41.84.142.0/24,4558
41.84.142.0/24,33770
41.84.143.0/24,4558
41.84.143.0/24,33770
41.84.144.0/20,4558
41.84.144.0/20,33770
41.84.144.0/24,4558
41.84.144.0/24,33770
41.84.150.0/24,4558
41.84.150.0/24,33770
41.84.151.0/24,4558
41.84.151.0/24,33770
41.84.153.0/24,4558
41.84.153.0/24,33770
41.84.155.0/24,4558
41.84.155.0/24,33770
41.84.156.0/24,4558
41.84.156.0/24,33770
41.84.158.0/24,4558
41.84.158.0/24,33770
41.84.159.0/24,4558
41.84.159.0/24,33770
41.84.192.0/19,4558
41.84.192.0/19,37273
41.84.195.0/24,4558
41.84.195.0/24,37273
41.84.196.0/22,4558
41.84.196.0/22,37273
41.84.200.0/22,4558
41.84.200.0/22,37273
41.84.202.0/24,4558
41.84.202.0/24,37273
41.84.208.0/22,4558
41.84.208.0/22,37273
41.85.192.0/19,4558
41.87.100.20/30,4558
41.89.0.0/16,4558
41.89.0.0/16,36914
41.89.0.0/18,4558
41.89.0.0/18,36914
41.89.0.0/24,4558
41.89.0.0/24,36914
41.89.1.0/24,4558
41.89.1.0/24,36914
41.89.2.0/23,4558
41.89.2.0/23,36914
41.89.4.0/23,4558
41.89.4.0/23,36914
41.89.6.0/23,4558
41.89.6.0/23,36914
41.89.6.0/24,4558
41.89.6.0/24,36914
41.89.7.0/24,4558
41.89.8.0/23,4558
41.89.8.0/23,36914
41.89.10.0/23,4558
41.89.10.0/23,36914
41.89.16.0/24,4558
41.89.16.0/24,36914
41.89.17.0/24,4558
41.89.17.0/24,36914
41.89.18.0/23,4558
41.89.18.0/23,36914
41.89.20.0/23,4558
41.89.20.0/23,36914
41.89.22.0/24,4558
41.89.22.0/24,36914
41.89.24.0/24,4558
41.89.24.0/24,36914
41.89.25.0/24,4558
41.89.25.0/24,36914
41.89.26.0/24,4558
41.89.26.0/24,36914
41.89.27.0/24,4558
41.89.27.0/24,36914
41.89.28.0/24,4558
41.89.28.0/24,36914
41.89.29.0/24,4558
41.89.29.0/24,36914
41.89.30.0/24,4558
41.89.30.0/24,36914
41.89.31.0/24,4558
41.89.31.0/24,36914
41.89.32.0/24,4558
41.89.32.0/24,36914
41.89.33.0/24,4558
41.89.33.0/24,36914
41.89.35.0/24,4558
41.89.35.0/24,36914
41.89.36.0/24,4558
41.89.36.0/24,36914
41.89.37.0/24,4558
41.89.37.0/24,36914
41.89.38.0/24,4558
41.89.38.0/24,36914
41.89.39.0/24,4558
41.89.39.0/24,36914
41.89.40.0/24,4558
41.89.40.0/24,36914
41.89.41.0/24,4558
41.89.41.0/24,36914
41.89.42.0/24,4558
41.89.42.0/24,36914
41.89.43.0/24,4558
41.89.43.0/24,36914
41.89.44.0/24,4558
41.89.44.0/24,36914
41.89.45.0/24,4558
41.89.45.0/24,36914
41.89.47.0/24,4558
41.89.47.0/24,36914
41.89.48.0/24,4558
41.89.48.0/24,36914
41.89.49.0/24,4558
41.89.49.0/24,36914
41.89.50.0/24,4558
41.89.50.0/24,36914
41.89.51.0/24,4558
41.89.51.0/24,36914
41.89.52.0/24,4558
41.89.52.0/24,36914
41.89.53.0/24,4558
41.89.53.0/24,36914
41.89.54.0/24,4558
41.89.54.0/24,36914
41.89.55.0/24,4558
41.89.55.0/24,36914
41.89.56.0/24,4558
41.89.56.0/24,36914
41.89.58.0/23,4558
41.89.58.0/23,36914
41.89.60.0/24,4558
41.89.60.0/24,36914
41.89.61.0/24,4558
41.89.61.0/24,36914
41.89.62.0/24,4558
41.89.62.0/24,36914
41.89.64.0/19,4558
41.89.64.0/19,36914
41.89.96.0/23,4558
41.89.96.0/23,36914
41.89.96.0/24,4558
41.89.96.0/24,36914
41.89.97.0/24,4558
41.89.97.0/24,36914
41.89.99.0/24,4558
41.89.99.0/24,36914
41.89.100.0/24,4558
41.89.100.0/24,36914
41.89.101.0/24,4558
41.89.101.0/24,36914
41.89.103.0/24,4558
41.89.103.0/24,36914
41.89.104.0/24,4558
41.89.104.0/24,36914
41.89.106.0/24,4558
41.89.106.0/24,36914
41.89.107.0/24,4558
41.89.107.0/24,36914
41.89.108.0/24,4558
41.89.108.0/24,36914
41.89.109.0/24,4558
41.89.109.0/24,36914
41.89.110.0/24,4558
41.89.110.0/24,36914
41.89.128.0/19,4558
41.89.128.0/19,36914
41.89.128.0/24,4558
41.89.128.0/24,36914
41.89.129.0/24,4558
41.89.129.0/24,36914
41.89.130.0/24,4558
41.89.130.0/24,36914
41.89.132.0/24,4558
41.89.132.0/24,36914
41.89.133.0/24,4558
41.89.133.0/24,36914
41.89.134.0/24,4558
41.89.134.0/24,36914
41.89.136.0/23,4558
41.89.136.0/23,36914
41.89.139.0/24,4558
41.89.139.0/24,36914
41.89.140.0/24,4558
41.89.140.0/24,36914
41.89.141.0/24,4558
41.89.141.0/24,36914
41.89.160.0/19,4558
41.89.160.0/19,36914
41.89.160.0/24,4558
41.89.160.0/24,36914
41.89.162.0/24,4558
41.89.162.0/24,36914
41.89.163.0/24,4558
41.89.163.0/24,36914
41.89.164.0/24,4558
41.89.164.0/24,36914
41.89.165.0/24,4558
41.89.165.0/24,36914
41.89.166.0/24,4558
41.89.166.0/24,36914
41.89.167.0/24,4558
41.89.167.0/24,36914
41.89.168.0/24,4558
41.89.168.0/24,36914
41.89.170.0/24,4558
41.89.170.0/24,36914
41.89.171.0/24,4558
41.89.171.0/24,36914
41.89.173.0/24,4558
41.89.173.0/24,36914
41.89.174.0/24,4558
41.89.174.0/24,36914
41.89.175.0/24,4558
41.89.175.0/24,36914
41.89.176.0/24,4558
41.89.176.0/24,36914
41.89.192.0/19,4558
41.89.192.0/19,36914
41.89.192.0/23,4558
41.89.192.0/23,36914
41.89.194.0/24,4558
41.89.194.0/24,36914
41.89.195.0/24,4558
41.89.195.0/24,36914
41.89.196.0/24,4558
41.89.196.0/24,36914
41.89.198.0/24,4558
41.89.198.0/24,36914
41.89.200.0/24,4558
41.89.200.0/24,36914
41.89.201.0/24,4558
41.89.201.0/24,36914
41.89.202.0/24,4558
41.89.202.0/24,36914
41.89.203.0/24,4558
41.89.203.0/24,36914
41.89.208.0/24,4558
41.89.208.0/24,36914
41.89.211.0/24,4558
41.89.211.0/24,36914
41.89.213.0/24,4558
41.89.213.0/24,36914
41.89.214.0/24,4558
41.89.214.0/24,36914
41.89.215.0/24,4558
41.89.215.0/24,36914
41.89.216.0/24,4558
41.89.216.0/24,36914
41.89.224.0/19,4558
41.89.224.0/19,36914
41.89.224.0/23,4558
41.89.224.0/23,36914
41.89.226.0/24,4558
41.89.226.0/24,36914
41.89.227.0/24,4558
41.89.227.0/24,36914
41.89.229.0/24,4558
41.89.229.0/24,36914
41.89.230.0/24,4558
41.89.230.0/24,36914
41.89.231.0/24,4558
41.89.231.0/24,36914
41.89.232.0/24,4558
41.89.232.0/24,36914
41.89.233.0/24,36914
41.89.233.0/24,4558
41.89.234.0/24,4558
41.89.234.0/24,36914
41.89.235.0/24,36914
41.89.235.0/24,4558
41.89.236.0/24,4558
41.89.236.0/24,36914
41.89.237.0/24,4558
41.89.237.0/24,36914
41.89.238.0/24,4558
41.89.238.0/24,36914
41.89.239.0/24,4558
41.89.239.0/24,36914
41.89.240.0/24,4558
41.89.240.0/24,36914
41.89.241.0/24,4558
41.89.241.0/24,36914
41.89.242.0/24,4558
41.89.242.0/24,36914
41.89.243.0/24,4558
41.89.243.0/24,36914
41.89.244.0/24,4558
41.89.244.0/24,36914
41.89.246.0/24,4558
41.89.246.0/24,36914
41.90.0.0/16,4558
41.90.0.0/16,33771
41.138.0.0/19,4558
41.138.80.0/21,4558
41.138.80.0/24,4558
41.138.81.0/24,4558
41.138.83.0/24,4558
41.138.85.0/24,4558
41.139.128.0/17,4558
41.139.128.0/20,4558
41.139.128.0/20,33771
41.139.129.0/24,4558
41.139.129.0/24,33771
41.139.130.0/24,4558
41.139.130.0/24,33771
41.139.131.0/24,4558
41.139.131.0/24,33771
41.139.132.0/24,4558
41.139.132.0/24,33771
41.139.133.0/24,4558
41.139.133.0/24,33771
41.139.134.0/24,4558
41.139.134.0/24,33771
41.139.135.0/24,4558
41.139.135.0/24,33771
41.139.136.0/22,4558
41.139.136.0/22,33771
41.139.136.0/24,4558
41.139.136.0/24,33771
41.139.137.0/24,4558
41.139.137.0/24,33771
41.139.138.0/24,4558
41.139.138.0/24,33771
41.139.139.0/24,4558
41.139.139.0/24,33771
41.139.140.0/22,4558
41.139.140.0/22,33771
41.139.140.0/24,4558
41.139.140.0/24,33771
41.139.141.0/24,4558
41.139.141.0/24,33771
41.139.142.0/24,4558
41.139.142.0/24,33771
41.139.143.0/24,4558
41.139.143.0/24,33771
41.139.144.0/20,4558
41.139.144.0/20,33771
41.139.146.0/24,4558
41.139.146.0/24,33771
41.139.152.0/24,4558
41.139.152.0/24,33771
41.139.153.0/24,4558
41.139.153.0/24,33771
41.139.154.0/24,4558
41.139.154.0/24,33771
41.139.159.0/24,4558
41.139.159.0/24,33771
41.139.160.0/19,4558
41.139.160.0/20,4558
41.139.160.0/20,33771
41.139.160.0/24,4558
41.139.160.0/24,33771
41.139.162.0/24,4558
41.139.162.0/24,33771
41.139.163.0/24,4558
41.139.163.0/24,33771
41.139.173.0/24,4558
41.139.173.0/24,33771
41.139.176.0/20,4558
41.139.176.0/20,33771
41.139.192.0/20,4558
41.139.192.0/20,33771
41.139.204.0/24,4558
41.139.204.0/24,33771
41.139.207.0/24,4558
41.139.207.0/24,33771
41.139.208.0/20,4558
41.139.208.0/20,33771
41.139.209.0/24,4558
41.139.209.0/24,33771
41.139.213.0/24,4558
41.139.213.0/24,33771
41.139.214.0/24,4558
41.139.214.0/24,33771
41.139.224.0/20,4558
41.139.224.0/20,33771
41.139.229.0/24,4558
41.139.229.0/24,33771
41.139.230.0/24,4558
41.139.230.0/24,33771
41.139.239.0/24,4558
41.139.239.0/24,33771
41.139.240.0/20,4558
41.139.240.0/20,33771
41.139.240.0/24,4558
41.139.240.0/24,33771
41.139.241.0/24,4558
41.139.241.0/24,33771
41.139.242.0/24,4558
41.139.242.0/24,33771
41.139.243.0/24,4558
41.139.243.0/24,33771
41.139.244.0/24,4558
41.139.244.0/24,33771
41.139.245.0/24,4558
41.139.245.0/24,33771
41.139.246.0/24,4558
41.139.246.0/24,33771
41.139.247.0/24,4558
41.139.247.0/24,33771
41.139.249.0/24,4558
41.139.249.0/24,33771
41.139.251.0/24,4558
41.139.251.0/24,33771
41.139.252.0/22,4558
41.139.252.0/22,33771
41.139.253.0/24,4558
41.139.253.0/24,33771
41.139.255.0/24,4558
41.139.255.0/24,33771
41.188.128.0/18,4558
41.188.128.0/19,4558
41.188.132.0/23,4558
41.188.136.0/22,4558
41.188.138.0/24,4558
41.188.140.0/22,4558
41.188.140.0/24,4558
41.188.141.0/24,4558
41.188.143.0/24,4558
41.188.144.0/23,4558
41.188.146.0/23,4558
41.188.149.0/24,4558
41.188.151.0/24,4558
41.188.152.0/22,4558
41.188.152.0/24,4558
41.188.156.0/23,4558
41.188.157.0/24,4558
41.188.158.0/24,4558
41.188.160.0/19,4558
41.188.160.0/23,4558
41.188.162.0/24,4558
41.188.165.0/24,4558
41.188.166.0/23,4558
41.188.169.0/24,4558
41.188.170.0/24,4558
41.188.171.0/24,4558
41.188.172.0/23,4558
41.188.174.0/23,4558
41.188.176.0/23,4558
41.188.178.0/23,4558
41.188.180.0/22,4558
41.188.184.0/22,4558
41.188.188.0/24,4558
41.188.189.0/24,4558
41.188.190.0/24,4558
41.188.191.0/24,4558
41.188.192.0/18,4558
41.190.32.0/23,4558
41.190.34.0/24,4558
41.190.36.0/22,4558
41.190.36.0/23,4558
41.190.38.0/23,4558
41.190.40.0/22,4558
41.190.44.0/22,4558
41.190.44.0/23,4558
41.190.46.0/23,4558
41.190.48.0/22,4558
41.190.52.0/23,4558
41.190.54.0/23,4558
41.190.56.0/23,4558
41.190.60.0/23,4558
41.190.62.0/23,4558
41.190.76.0/22,4558
41.190.76.0/24,4558
41.190.77.0/24,4558
41.190.78.0/24,4558
41.190.79.0/24,4558
41.190.128.0/19,4558
41.190.128.0/22,4558
41.190.128.0/23,4558
41.190.130.0/23,4558
41.190.132.0/22,4558
41.190.132.0/23,4558
41.190.134.0/23,4558
41.190.136.0/22,4558
41.190.136.0/23,4558
41.190.136.0/24,4558
41.190.137.0/24,4558
41.190.138.0/23,4558
41.190.138.0/24,4558
41.190.140.0/22,4558
41.190.140.0/23,4558
41.190.141.0/24,4558
41.190.144.0/22,4558
41.190.144.0/23,4558
41.190.146.0/23,4558
41.190.148.0/22,4558
41.190.148.0/23,4558
41.190.150.0/23,4558
41.190.152.0/23,4558
41.190.153.0/24,4558
41.190.154.0/23,4558
41.190.156.0/23,4558
41.190.158.0/23,4558
41.190.192.0/19,4558
41.190.192.0/24,4558
41.190.211.0/24,4558
41.190.252.0/22,4558
41.191.76.0/22,4558
41.191.76.0/22,37273
41.191.76.0/24,4558
41.191.76.0/24,37273
41.191.116.0/22,4558
41.191.116.0/24,4558
41.191.117.0/24,4558
41.191.118.0/24,4558
41.191.119.0/24,4558
41.191.192.0/21,4558
41.191.192.0/21,33771
41.191.192.0/24,4558
41.191.192.0/24,33771
41.191.193.0/24,4558
41.191.193.0/24,33771
41.191.194.0/24,4558
41.191.194.0/24,33771
41.191.195.0/24,4558
41.191.195.0/24,33771
41.191.196.0/24,4558
41.191.196.0/24,33771
41.191.197.0/24,4558
41.191.197.0/24,33771
41.191.198.0/24,4558
41.191.198.0/24,33771
41.191.199.0/24,4558
41.191.199.0/24,33771
41.191.224.0/21,4558
41.191.224.0/21,33770
41.191.224.0/24,4558
41.191.224.0/24,33770
41.191.225.0/24,4558
41.191.225.0/24,33770
41.191.232.0/23,4558
41.191.234.0/23,4558
41.191.236.0/24,4558
41.191.237.0/24,4558
41.191.238.0/24,4558
41.191.239.0/24,4558
41.197.0.0/16,4558
41.203.208.0/20,4558
41.203.208.0/21,4558
41.203.208.0/21,33771
41.203.208.0/24,4558
41.203.208.0/24,33771
41.203.209.0/24,4558
41.203.209.0/24,33771
41.203.210.0/24,4558
41.203.210.0/24,33771
41.203.211.0/24,4558
41.203.211.0/24,33771
41.203.212.0/24,4558
41.203.212.0/24,33771
41.203.213.0/24,4558
41.203.213.0/24,33771
41.203.214.0/24,4558
41.203.214.0/24,33771
41.203.215.0/24,4558
41.203.215.0/24,33771
41.203.216.0/21,4558
41.203.216.0/21,33771
41.203.216.0/24,4558
41.203.216.0/24,33771
41.203.217.0/24,4558
41.203.217.0/24,33771
41.203.218.0/24,4558
41.203.218.0/24,33771
41.203.219.0/24,4558
41.203.219.0/24,33771
41.203.220.0/24,4558
41.203.220.0/24,33771
41.203.221.0/24,4558
41.203.221.0/24,33771
41.203.222.0/24,4558
41.203.222.0/24,33771
41.203.223.0/24,4558
41.203.223.0/24,33771
41.204.160.0/19,4558
41.204.160.0/19,36914
41.204.160.0/21,4558
41.204.160.0/21,36914
41.204.160.0/22,4558
41.204.160.0/22,36914
41.204.160.0/24,4558
41.204.160.0/24,36914
41.204.161.0/24,4558
41.204.161.0/24,36914
41.204.163.0/24,4558
41.204.163.0/24,36914
41.204.164.0/22,4558
41.204.164.0/22,36914
41.204.164.0/24,4558
41.204.164.0/24,36914
41.204.166.0/23,4558
41.204.166.0/23,36914
41.204.168.0/21,4558
41.204.168.0/21,36914
41.204.168.0/22,4558
41.204.168.0/22,36914
41.204.168.0/24,4558
41.204.168.0/24,36914
41.204.172.0/22,4558
41.204.172.0/22,36914
41.204.176.0/21,4558
41.204.176.0/21,36914
41.204.180.0/22,4558
41.204.180.0/22,36914
41.204.183.0/24,4558
41.204.183.0/24,36914
41.204.184.0/21,4558
41.204.184.0/21,36914
41.204.184.0/22,4558
41.204.184.0/22,36914
41.204.186.0/24,4558
41.204.186.0/24,36914
41.204.187.0/24,4558
41.204.187.0/24,36914
41.204.189.0/24,4558
41.204.189.0/24,36914
41.204.190.0/23,4558
41.204.190.0/23,36866
41.204.190.0/24,4558
41.204.190.0/24,36866
41.204.191.0/24,4558
41.206.32.0/19,4558
41.206.32.0/19,15808
41.206.32.0/20,4558
41.206.32.0/20,15808
41.206.32.0/21,4558
41.206.32.0/21,15808
41.206.39.0/24,4558
41.206.39.0/24,15808
41.206.41.0/24,4558
41.206.41.0/24,15808
41.206.48.0/20,4558
41.206.48.0/20,15808
41.206.48.0/24,4558
41.206.48.0/24,15808
41.206.56.0/21,4558
41.206.56.0/21,15808
41.206.62.0/24,4558
41.206.62.0/24,15808
41.207.64.0/19,4558
41.207.64.0/19,36915
41.207.64.0/24,4558
41.207.64.0/24,36915
41.207.65.0/24,4558
41.207.65.0/24,36915
41.207.66.0/24,4558
41.207.66.0/24,36915
41.207.67.0/24,4558
41.207.67.0/24,36915
41.207.68.0/24,4558
41.207.68.0/24,36915
41.207.69.0/24,4558
41.207.69.0/24,36915
41.207.70.0/24,4558
41.207.70.0/24,36915
41.207.71.0/24,4558
41.207.71.0/24,36915
41.207.72.0/24,4558
41.207.72.0/24,36915
41.207.73.0/24,4558
41.207.73.0/24,36915
41.207.74.0/24,4558
41.207.74.0/24,36915
41.207.75.0/24,4558
41.207.75.0/24,36915
41.207.76.0/24,4558
41.207.76.0/24,36915
41.207.77.0/24,4558
41.207.77.0/24,36915
41.207.78.0/24,4558
41.207.78.0/24,36915
41.207.79.0/24,4558
41.207.79.0/24,36915
41.207.80.0/24,4558
41.207.80.0/24,36915
41.207.81.0/24,4558
41.207.81.0/24,36915
41.207.82.0/24,4558
41.207.82.0/24,36915
41.207.83.0/24,4558
41.207.83.0/24,36915
41.207.84.0/24,4558
41.207.84.0/24,36915
41.207.85.0/24,4558
41.207.85.0/24,36915
41.207.86.0/24,4558
41.207.86.0/24,36915
41.207.87.0/24,4558
41.207.88.0/24,4558
41.207.88.0/24,36915
41.207.89.0/24,4558
41.207.89.0/24,36915
41.207.90.0/24,4558
41.207.90.0/24,36915
41.207.91.0/24,4558
41.207.91.0/24,36915
41.207.92.0/24,4558
41.207.92.0/24,36915
41.207.93.0/24,4558
41.207.93.0/24,36915
41.207.94.0/24,4558
41.207.94.0/24,36915
41.207.95.0/24,4558
41.207.95.0/24,36915
41.207.106.0/24,4558
41.207.111.0/24,4558
41.207.116.0/24,4558
41.207.124.0/24,4558
41.207.240.0/21,4558
41.207.245.0/24,4558
41.209.3.0/24,4558
41.209.4.0/24,4558
41.209.5.0/24,4558
41.209.6.0/24,4558
41.209.7.0/24,4558
41.209.8.0/24,4558
41.209.9.0/24,4558
41.209.10.0/24,4558
41.209.12.0/22,4558
41.209.16.0/20,4558
41.209.30.0/23,4558
41.209.32.0/19,4558
41.209.32.0/20,4558
41.209.33.0/24,4558
41.209.34.0/24,4558
41.209.36.0/24,4558
41.209.37.0/24,4558
41.209.41.0/24,4558
41.209.42.0/24,4558
41.209.60.0/24,4558
41.210.128.0/18,4558
41.210.156.0/24,4558
41.210.184.0/24,4558
41.212.0.0/17,4558
41.212.0.0/17,15399
41.212.0.0/24,4558
41.212.0.0/24,15399
41.212.1.0/24,4558
41.212.1.0/24,15399
41.212.2.0/24,4558
41.212.2.0/24,15399
41.212.3.0/24,4558
41.212.3.0/24,15399
41.212.4.0/24,4558
41.212.4.0/24,15399
41.212.5.0/24,4558
41.212.5.0/24,15399
41.212.6.0/24,4558
41.212.6.0/24,15399
41.212.7.0/24,4558
41.212.7.0/24,15399
41.212.8.0/24,4558
41.212.8.0/24,15399
41.212.9.0/24,4558
41.212.9.0/24,15399
41.212.10.0/24,4558
41.212.10.0/24,15399
41.212.11.0/24,4558
41.212.11.0/24,15399
41.212.12.0/24,4558
41.212.12.0/24,15399
41.212.13.0/24,4558
41.212.13.0/24,15399
41.212.14.0/24,4558
41.212.14.0/24,15399
41.212.15.0/24,4558
41.212.15.0/24,15399
41.212.16.0/24,4558
41.212.16.0/24,15399
41.212.17.0/24,4558
41.212.17.0/24,15399
41.212.18.0/24,4558
41.212.18.0/24,15399
41.212.19.0/24,4558
41.212.19.0/24,15399
41.212.20.0/24,4558
41.212.20.0/24,15399
41.212.21.0/24,4558
41.212.21.0/24,15399
41.212.22.0/24,4558
41.212.22.0/24,15399
41.212.23.0/24,4558
41.212.23.0/24,15399
41.212.24.0/22,4558
41.212.24.0/22,15399
41.212.28.0/24,4558
41.212.28.0/24,15399
41.212.29.0/24,4558
41.212.29.0/24,15399
41.212.30.0/24,4558
41.212.30.0/24,15399
41.212.31.0/24,4558
41.212.31.0/24,15399
41.212.32.0/24,4558
41.212.32.0/24,15399
41.212.33.0/24,4558
41.212.33.0/24,15399
41.212.34.0/24,4558
41.212.34.0/24,15399
41.212.35.0/24,4558
41.212.35.0/24,15399
41.212.36.0/24,4558
41.212.36.0/24,15399
41.212.37.0/24,4558
41.212.37.0/24,15399
41.212.38.0/24,4558
41.212.38.0/24,15399
41.212.39.0/24,4558
41.212.39.0/24,15399
41.212.40.0/24,4558
41.212.40.0/24,15399
41.212.41.0/24,4558
41.212.41.0/24,15399
41.212.42.0/24,4558
41.212.42.0/24,15399
41.212.43.0/24,4558
41.212.43.0/24,15399
41.212.44.0/24,4558
41.212.44.0/24,15399
41.212.46.0/24,4558
41.212.46.0/24,15399
41.212.47.0/24,4558
41.212.47.0/24,15399
41.212.50.0/24,4558
41.212.50.0/24,15399
41.212.51.0/24,4558
41.212.51.0/24,15399
41.212.52.0/24,4558
41.212.52.0/24,15399
41.212.53.0/24,4558
41.212.53.0/24,15399
41.212.54.0/24,4558
41.212.54.0/24,15399
41.212.55.0/24,4558
41.212.55.0/24,15399
41.212.56.0/24,4558
41.212.56.0/24,15399
41.212.57.0/24,4558
41.212.57.0/24,15399
41.212.58.0/24,4558
41.212.58.0/24,15399
41.212.59.0/24,4558
41.212.59.0/24,15399
41.212.60.0/24,4558
41.212.60.0/24,15399
41.212.61.0/24,4558
41.212.61.0/24,15399
41.212.62.0/24,4558
41.212.62.0/24,15399
41.212.63.0/24,4558
41.212.63.0/24,15399
41.212.64.0/24,4558
41.212.64.0/24,15399
41.212.65.0/24,4558
41.212.65.0/24,15399
41.212.66.0/24,4558
41.212.66.0/24,15399
41.212.67.0/24,4558
41.212.67.0/24,15399
41.212.68.0/24,4558
41.212.68.0/24,15399
41.212.69.0/24,4558
41.212.69.0/24,15399
41.212.70.0/24,4558
41.212.70.0/24,15399
41.212.72.0/24,4558
41.212.72.0/24,15399
41.212.73.0/24,4558
41.212.73.0/24,15399
41.212.74.0/24,4558
41.212.74.0/24,15399
41.212.75.0/24,4558
41.212.75.0/24,15399
41.212.76.0/24,4558
41.212.76.0/24,15399
41.212.77.0/24,4558
41.212.77.0/24,15399
41.212.78.0/24,4558
41.212.78.0/24,15399
41.212.79.0/24,4558
41.212.79.0/24,15399
41.212.80.0/24,4558
41.212.80.0/24,15399
41.212.81.0/24,4558
41.212.81.0/24,15399
41.212.82.0/24,4558
41.212.82.0/24,15399
41.212.83.0/24,4558
41.212.83.0/24,15399
41.212.84.0/24,4558
41.212.84.0/24,15399
41.212.85.0/24,4558
41.212.85.0/24,15399
41.212.86.0/24,4558
41.212.86.0/24,15399
41.212.87.0/24,4558
41.212.87.0/24,15399
41.212.90.0/24,4558
41.212.90.0/24,15399
41.212.92.0/24,4558
41.212.92.0/24,15399
41.212.93.0/24,4558
41.212.93.0/24,15399
41.212.94.0/24,4558
41.212.94.0/24,15399
41.212.95.0/24,4558
41.212.95.0/24,15399
41.212.96.0/24,4558
41.212.96.0/24,15399
41.212.97.0/24,4558
41.212.97.0/24,15399
41.212.99.0/24,4558
41.212.99.0/24,15399
41.212.101.0/24,4558
41.212.101.0/24,15399
41.212.102.0/24,4558
41.212.102.0/24,15399
41.212.103.0/24,4558
41.212.103.0/24,15399
41.212.104.0/24,4558
41.212.104.0/24,15399
41.212.105.0/24,4558
41.212.105.0/24,15399
41.212.106.0/24,4558
41.212.106.0/24,15399
41.212.107.0/24,4558
41.212.107.0/24,15399
41.212.108.0/23,4558
41.212.108.0/23,15399
41.212.112.0/24,4558
41.212.112.0/24,15399
41.212.113.0/24,4558
41.212.113.0/24,15399
41.212.114.0/24,4558
41.212.114.0/24,15399
41.212.116.0/23,4558
41.212.116.0/23,15399
41.212.118.0/24,4558
41.212.118.0/24,15399
41.212.119.0/24,4558
41.212.119.0/24,15399
41.212.120.0/24,4558
41.212.120.0/24,15399
41.212.121.0/24,4558
41.212.121.0/24,15399
41.212.122.0/24,4558
41.212.122.0/24,15399
41.212.123.0/24,4558
41.212.123.0/24,15399
41.215.0.0/17,4558
41.215.0.0/17,15808
41.215.0.0/18,4558
41.215.0.0/18,15808
41.215.0.0/20,4558
41.215.0.0/20,15808
41.215.0.0/21,4558
41.215.0.0/21,15808
41.215.16.0/20,4558
41.215.16.0/20,15808
41.215.26.0/24,4558
41.215.26.0/24,15808
41.215.32.0/20,4558
41.215.32.0/20,15808
41.215.32.0/24,4558
41.215.32.0/24,15808
41.215.48.0/20,4558
41.215.48.0/20,15808
41.215.50.0/24,4558
41.215.50.0/24,15808
41.215.64.0/18,4558
41.215.64.0/18,15808
41.215.64.0/20,4558
41.215.64.0/20,15808
41.215.64.0/24,4558
41.215.64.0/24,15808
41.215.72.0/24,4558
41.215.72.0/24,15808
41.215.73.0/24,4558
41.215.73.0/24,15808
41.215.80.0/20,4558
41.215.80.0/20,15808
41.215.80.0/21,4558
41.215.80.0/21,15808
41.215.96.0/20,4558
41.215.96.0/20,15808
41.215.112.0/20,4558
41.215.112.0/20,15808
41.215.120.0/21,4558
41.215.120.0/21,15808
41.215.123.0/24,4558
41.215.123.0/24,15808
41.215.124.0/22,4558
41.215.124.0/22,15808
41.215.128.0/20,4558
41.215.128.0/20,36866
41.215.128.0/22,4558
41.215.128.0/22,36866
41.215.129.0/24,4558
41.215.129.0/24,36866
41.215.130.0/23,4558
41.215.130.0/23,36866
41.215.130.0/24,4558
41.215.130.0/24,36866
41.215.130.0/29,4558
41.215.131.0/24,4558
41.215.131.0/24,36866
41.215.132.0/22,4558
41.215.132.0/22,36866
41.215.132.0/23,4558
41.215.132.0/23,36866
41.215.132.0/24,4558
41.215.132.0/24,36866
41.215.133.0/24,4558
41.215.133.0/24,36866
41.215.135.0/25,4558
41.215.136.0/22,4558
41.215.136.0/22,36866
41.215.137.0/24,4558
41.215.137.0/24,36866
41.215.138.0/23,4558
41.215.138.0/23,36866
41.215.139.0/24,4558
41.215.139.0/24,36866
41.215.140.0/22,4558
41.215.140.0/22,36866
41.215.140.0/23,4558
41.215.140.0/23,36866
41.215.140.0/24,4558
41.215.140.0/24,36866
41.215.143.0/24,4558
41.215.143.0/24,36866
41.215.192.0/20,4558
41.215.192.0/20,33771
41.215.224.0/24,4558
41.215.225.0/24,4558
41.215.226.0/24,4558
41.215.227.0/24,4558
41.215.248.0/22,4558
41.215.248.0/23,4558
41.215.250.0/23,4558
41.216.96.0/19,4558
41.216.124.0/22,4558
41.217.220.0/22,4558
41.217.220.0/24,4558
41.217.221.0/24,4558
41.217.222.0/24,4558
41.217.232.0/21,4558
41.217.232.0/21,37273
41.217.232.0/22,4558
41.217.232.0/22,37273
41.217.232.0/23,4558
41.217.232.0/23,37273
41.217.232.0/24,4558
41.217.232.0/24,37273
41.217.233.0/24,4558
41.217.233.0/24,37273
41.217.234.0/23,4558
41.217.234.0/23,37273
41.217.234.0/24,4558
41.217.234.0/24,37273
41.217.235.0/24,4558
41.217.235.0/24,37273
41.217.236.0/22,4558
41.217.236.0/22,37273
41.217.236.0/23,4558
41.217.236.0/23,37273
41.217.236.0/24,4558
41.217.236.0/24,37273
41.217.237.0/24,4558
41.217.237.0/24,37273
41.217.238.0/23,4558
41.217.238.0/23,37273
41.217.238.0/24,4558
41.217.238.0/24,37273
41.217.239.0/24,4558
41.217.239.0/24,37273
41.220.112.0/20,4558
41.220.112.0/20,15808
41.220.112.0/21,4558
41.220.112.0/21,15808
41.220.118.0/24,4558
41.220.118.0/24,15808
41.220.120.0/21,4558
41.220.120.0/21,15808
41.220.122.0/24,4558
41.220.122.0/24,15808
41.220.125.0/24,4558
41.220.125.0/24,15808
41.220.208.0/24,4558
41.220.209.0/24,4558
41.220.210.0/24,4558
41.220.211.0/24,4558
41.220.212.0/22,4558
41.220.216.0/24,4558
41.220.224.0/20,4558
41.220.224.0/20,33770
41.220.224.0/24,4558
41.220.224.0/24,33770
41.220.227.0/24,4558
41.220.227.0/24,33770
41.220.228.0/24,4558
41.220.228.0/24,33770
41.220.229.0/24,4558
41.220.229.0/24,33770
41.220.230.0/24,4558
41.220.230.0/24,33770
41.220.231.0/24,4558
41.220.231.0/24,33770
41.220.232.0/24,4558
41.220.232.0/24,33770
41.220.233.0/24,4558
41.220.233.0/24,33770
41.220.234.0/24,4558
41.220.234.0/24,33770
41.220.235.0/24,4558
41.220.235.0/24,33770
41.220.236.0/24,4558
41.220.236.0/24,33770
41.220.237.0/24,4558
41.220.237.0/24,33770
41.220.238.0/24,4558
41.220.238.0/24,33770
41.220.239.0/24,4558
41.220.239.0/24,33770
41.220.248.0/21,4558
41.220.248.0/21,21280
41.221.32.0/20,4558
41.221.32.0/21,4558
41.221.32.0/24,4558
41.221.33.0/24,4558
41.221.34.0/24,4558
41.221.36.0/24,4558
41.221.40.0/21,4558
41.221.41.0/24,4558
41.221.42.0/24,4558
41.221.45.0/24,4558
41.221.46.0/24,4558
41.221.80.0/20,4558
41.221.80.0/20,37273
41.221.80.0/21,4558
41.221.80.0/21,33771
41.221.82.0/23,4558
41.221.82.0/23,33771
41.221.84.0/22,4558
41.221.84.0/22,33771
41.221.86.0/24,4558
41.221.86.0/24,37273
41.221.87.0/24,4558
41.221.87.0/24,33771
41.221.88.0/21,4558
41.221.88.0/21,33771
41.221.88.0/22,4558
41.221.88.0/22,33771
41.221.88.0/23,4558
41.221.88.0/23,33771
41.221.90.0/23,4558
41.221.90.0/23,33771
41.221.94.0/23,4558
41.221.94.0/23,33771
41.221.144.0/20,4558
41.221.154.0/23,4558
41.222.0.0/21,4558
41.222.0.0/22,4558
41.222.0.0/23,4558
41.222.2.0/23,4558
41.222.4.0/22,4558
41.222.4.0/23,4558
41.222.4.0/24,4558
41.222.5.0/24,4558
41.222.6.0/23,4558
41.222.8.0/21,4558
41.222.8.0/21,36866
41.222.8.0/23,4558
41.222.8.0/23,36866
41.222.8.0/24,4558
41.222.8.0/24,36866
41.222.9.0/24,4558
41.222.9.0/24,36866
41.222.10.0/23,4558
41.222.10.0/23,36866
41.222.10.0/24,4558
41.222.10.0/24,36866
41.222.12.0/23,4558
41.222.12.0/23,36866
41.222.13.0/24,4558
41.222.13.0/24,36866
41.222.14.0/23,4558
41.222.14.0/23,36866
41.222.14.0/24,4558
41.222.14.0/24,36866
41.222.15.0/24,4558
41.222.15.0/24,36866
41.222.24.0/21,4558
41.222.24.0/22,4558
41.222.24.0/23,4558
41.222.26.0/23,4558
41.222.28.0/22,4558
41.222.28.0/24,4558
41.222.56.0/22,4558
41.222.60.0/23,4558
41.222.62.0/24,4558
41.222.63.0/24,4558
41.222.160.0/21,4558
41.222.160.0/21,37273
41.222.160.0/22,4558
41.222.160.0/22,37273
41.222.160.0/23,4558
41.222.160.0/23,37273
41.222.160.0/24,4558
41.222.160.0/24,37273
41.222.161.0/24,4558
41.222.161.0/24,37273
41.222.162.0/23,4558
41.222.162.0/23,37273
41.222.162.0/24,4558
41.222.162.0/24,37273
41.222.163.0/24,4558
41.222.163.0/24,37273
41.222.164.0/22,4558
41.222.164.0/22,37273
41.222.164.0/23,4558
41.222.164.0/23,37273
41.222.164.0/24,4558
41.222.164.0/24,37273
41.222.165.0/24,4558
41.222.165.0/24,37273
41.222.166.0/23,4558
41.222.166.0/23,37273
41.222.166.0/24,4558
41.222.166.0/24,37273
41.222.167.0/24,4558
41.222.167.0/24,37273
41.222.244.0/23,4558
41.223.16.0/22,4558
41.223.16.0/24,4558
41.223.17.0/24,4558
41.223.18.0/23,4558
41.223.56.0/22,4558
41.223.57.0/24,4558
41.223.57.0/24,12455
41.223.58.0/24,4558
41.223.58.0/24,12455
41.223.59.0/24,4558
41.223.59.0/24,12455
41.223.84.0/22,4558
41.223.84.0/22,37273
41.223.84.0/24,4558
41.223.84.0/24,37273
41.223.224.0/22,4558
41.223.224.0/23,4558
41.223.226.0/23,4558
41.223.226.0/24,4558
41.242.0.0/22,4558
41.242.0.0/23,4558
41.242.1.0/24,4558
41.242.1.0/24,37684
41.242.2.0/23,4558
41.242.4.0/22,4558
41.242.84.0/22,4558
41.242.84.0/22,37273
41.242.140.0/22,4558
41.243.3.0/24,4558
41.243.4.0/24,4558
41.243.6.0/24,4558
41.243.8.0/24,4558
46.17.232.0/21,4558
62.8.64.0/19,4558
62.8.64.0/19,15399
62.8.64.0/24,4558
62.8.64.0/24,15399
62.8.65.0/24,4558
62.8.65.0/24,15399
62.8.66.0/24,4558
62.8.66.0/24,15399
62.8.67.0/24,4558
62.8.67.0/24,15399
62.8.68.0/24,4558
62.8.68.0/24,15399
62.8.69.0/24,4558
62.8.69.0/24,15399
62.8.70.0/24,4558
62.8.70.0/24,15399
62.8.71.0/24,4558
62.8.71.0/24,15399
62.8.72.0/24,4558
62.8.72.0/24,15399
62.8.73.0/24,4558
62.8.73.0/24,15399
62.8.74.0/24,4558
62.8.74.0/24,15399
62.8.75.0/24,4558
62.8.75.0/24,15399
62.8.76.0/24,4558
62.8.76.0/24,15399
62.8.77.0/24,4558
62.8.77.0/24,15399
62.8.78.0/24,4558
62.8.78.0/24,15399
62.8.80.0/24,4558
62.8.80.0/24,15399
62.8.81.0/24,4558
62.8.81.0/24,15399
62.8.83.0/24,4558
62.8.83.0/24,15399
62.8.84.0/24,4558
62.8.84.0/24,15399
62.8.85.0/24,4558
62.8.85.0/24,15399
62.8.86.0/24,4558
62.8.86.0/24,15399
62.8.87.0/24,4558
62.8.87.0/24,15399
62.8.88.0/24,4558
62.8.88.0/24,15399
62.8.89.0/24,4558
62.8.89.0/24,15399
62.8.90.0/24,4558
62.8.90.0/24,15399
62.8.91.0/24,4558
62.8.91.0/24,15399
62.8.92.0/24,4558
62.8.92.0/24,15399
62.8.93.0/24,4558
62.8.93.0/24,15399
62.8.94.0/24,4558
62.8.94.0/24,15399
62.8.95.0/24,4558
62.8.95.0/24,15399
62.24.96.0/19,4558
62.24.96.0/19,12455
62.24.96.0/23,4558
62.24.96.0/23,12455
62.24.96.0/24,4558
62.24.96.0/24,12455
62.24.96.0/30,4558
62.24.96.120/30,4558
62.24.96.124/30,4558
62.24.97.0/24,4558
62.24.97.0/24,12455
62.24.98.0/23,4558
62.24.98.0/23,12455
62.24.98.0/24,4558
62.24.98.0/24,12455
62.24.98.4/30,4558
62.24.98.6/32,4558
62.24.98.16/29,4558
62.24.98.16/29,12455
62.24.98.48/29,4558
62.24.98.48/29,12455
62.24.98.56/30,4558
62.24.98.76/30,4558
62.24.98.78/32,4558
62.24.98.96/30,4558
62.24.98.98/32,4558
62.24.98.112/29,4558
62.24.98.112/29,12455
62.24.98.128/29,4558
62.24.98.128/29,12455
62.24.98.136/29,4558
62.24.98.136/29,12455
62.24.98.148/30,4558
62.24.98.150/32,4558
62.24.98.152/29,4558
62.24.98.152/29,12455
62.24.98.176/30,4558
62.24.98.200/30,4558
62.24.98.204/30,4558
62.24.98.206/32,4558
62.24.98.224/29,4558
62.24.98.224/29,12455
62.24.99.0/24,4558
62.24.99.0/24,12455
62.24.100.0/23,4558
62.24.100.0/23,12455
62.24.100.0/24,4558
62.24.100.0/24,12455
62.24.100.0/28,4558
62.24.100.0/28,12455
62.24.100.16/29,4558
62.24.100.16/29,12455
62.24.100.28/30,4558
62.24.100.32/28,4558
62.24.100.32/28,12455
62.24.100.64/29,4558
62.24.100.64/29,12455
62.24.100.116/30,4558
62.24.100.128/29,4558
62.24.100.128/29,12455
62.24.100.132/30,4558
62.24.100.160/29,4558
62.24.100.160/29,12455
62.24.100.168/30,4558
62.24.100.176/29,4558
62.24.100.176/29,12455
62.24.100.220/30,4558
62.24.100.224/30,4558
62.24.100.228/30,4558
62.24.100.232/29,4558
62.24.100.232/29,12455
62.24.100.240/28,4558
62.24.100.240/28,12455
62.24.101.0/24,4558
62.24.101.0/24,12455
62.24.102.0/23,4558
62.24.102.0/23,12455
62.24.102.0/24,4558
62.24.102.0/24,12455
62.24.102.44/30,4558
62.24.102.48/30,4558
62.24.102.50/32,4558
62.24.102.52/30,4558
62.24.102.104/30,4558
62.24.102.112/29,4558
62.24.102.112/29,12455
62.24.102.160/29,4558
62.24.102.160/29,12455
62.24.102.168/29,4558
62.24.102.168/29,12455
62.24.102.232/30,4558
62.24.102.240/29,4558
62.24.102.240/29,12455
62.24.103.0/24,4558
62.24.103.0/24,12455
62.24.103.0/29,4558
62.24.103.0/29,12455
62.24.103.8/30,4558
62.24.103.10/32,4558
62.24.103.12/30,4558
62.24.103.80/29,4558
62.24.103.80/29,12455
62.24.103.88/30,4558
62.24.103.112/30,4558
62.24.103.128/27,4558
62.24.103.128/27,12455
62.24.103.212/30,4558
62.24.103.240/29,4558
62.24.103.240/29,12455
62.24.104.0/23,4558
62.24.104.0/23,12455
62.24.104.0/24,4558
62.24.104.0/24,12455
62.24.104.28/30,4558
62.24.104.32/29,4558
62.24.104.32/29,12455
62.24.104.56/29,4558
62.24.104.56/29,12455
62.24.104.128/30,4558
62.24.104.168/29,4558
62.24.104.168/29,12455
62.24.104.176/30,4558
62.24.104.228/30,4558
62.24.104.232/29,4558
62.24.104.232/29,12455
62.24.105.0/24,4558
62.24.105.0/24,12455
62.24.105.0/28,4558
62.24.105.0/28,12455
62.24.105.16/30,4558
62.24.105.40/30,4558
62.24.105.42/32,4558
62.24.105.52/30,4558
62.24.105.56/30,4558
62.24.105.64/29,4558
62.24.105.64/29,12455
62.24.105.80/29,4558
62.24.105.80/29,12455
62.24.105.88/30,4558
62.24.105.92/30,4558
62.24.105.96/30,4558
62.24.105.112/28,4558
62.24.105.112/28,12455
62.24.105.132/30,4558
62.24.105.136/29,4558
62.24.105.136/29,12455
62.24.105.144/30,4558
62.24.105.152/29,4558
62.24.105.152/29,12455
62.24.105.160/30,4558
62.24.105.162/32,4558
62.24.105.184/29,4558
62.24.105.184/29,12455
62.24.106.0/23,4558
62.24.106.0/23,12455
62.24.106.0/24,4558
62.24.106.0/24,12455
62.24.106.17/32,4558
62.24.106.224/28,4558
62.24.106.224/28,12455
62.24.106.240/28,4558
62.24.106.240/28,12455
62.24.106.247/32,4558
62.24.107.0/24,4558
62.24.107.0/24,12455
62.24.107.48/29,4558
62.24.107.48/29,12455
62.24.107.68/30,4558
62.24.107.70/32,4558
62.24.107.72/29,4558
62.24.107.72/29,12455
62.24.107.80/29,4558
62.24.107.80/29,12455
62.24.107.96/29,4558
62.24.107.96/29,12455
62.24.107.104/29,4558
62.24.107.104/29,12455
62.24.107.116/30,4558
62.24.107.128/29,4558
62.24.107.128/29,12455
62.24.107.140/30,4558
62.24.107.168/29,4558
62.24.107.168/29,12455
62.24.107.180/30,4558
62.24.107.184/29,4558
62.24.107.184/29,12455
62.24.107.240/29,4558
62.24.107.240/29,12455
62.24.107.252/30,4558
62.24.108.0/23,4558
62.24.108.0/23,12455
62.24.108.0/24,4558
62.24.108.0/24,12455
62.24.109.0/24,4558
62.24.109.0/24,12455
62.24.109.0/28,4558
62.24.109.0/28,12455
62.24.109.0/29,4558
62.24.109.0/29,12455
62.24.109.8/29,4558
62.24.109.8/29,12455
62.24.109.16/28,4558
62.24.109.16/28,12455
62.24.109.32/27,4558
62.24.109.32/27,12455
62.24.109.64/26,4558
62.24.109.64/26,12455
62.24.109.128/25,4558
62.24.109.128/25,12455
62.24.110.0/23,4558
62.24.110.0/23,12455
62.24.110.0/24,4558
62.24.110.0/24,12455
62.24.110.0/30,4558
62.24.110.4/30,4558
62.24.110.12/30,4558
62.24.110.16/29,4558
62.24.110.16/29,12455
62.24.110.24/30,4558
62.24.110.48/29,4558
62.24.110.48/29,12455
62.24.110.80/30,4558
62.24.110.92/30,4558
62.24.110.94/32,4558
62.24.110.96/30,4558
62.24.110.104/29,4558
62.24.110.104/29,12455
62.24.110.116/30,4558
62.24.110.120/29,4558
62.24.110.120/29,12455
62.24.110.136/29,4558
62.24.110.136/29,12455
62.24.110.152/30,4558
62.24.110.154/32,4558
62.24.110.172/30,4558
62.24.110.174/32,4558
62.24.110.188/30,4558
62.24.110.190/32,4558
62.24.110.224/29,4558
62.24.110.224/29,12455
62.24.110.232/29,4558
62.24.110.232/29,12455
62.24.110.248/29,4558
62.24.110.248/29,12455
62.24.111.0/24,4558
62.24.111.0/24,12455
62.24.111.24/30,4558
62.24.111.26/32,4558
62.24.111.36/30,4558
62.24.111.38/32,4558
62.24.111.64/28,4558
62.24.111.64/28,12455
62.24.111.92/30,4558
62.24.111.94/32,4558
62.24.111.104/29,4558
62.24.111.104/29,12455
62.24.111.192/29,4558
62.24.111.192/29,12455
62.24.111.200/29,4558
62.24.111.200/29,12455
62.24.111.232/30,4558
62.24.111.240/28,4558
62.24.111.240/28,12455
62.24.112.0/23,4558
62.24.112.0/23,12455
62.24.112.0/24,4558
62.24.112.0/24,12455
62.24.112.120/29,4558
62.24.112.120/29,12455
62.24.113.0/24,4558
62.24.113.0/24,12455
62.24.114.0/23,4558
62.24.114.0/23,12455
62.24.114.0/24,4558
62.24.114.0/24,12455
62.24.115.0/24,4558
62.24.115.0/24,12455
62.24.115.48/28,4558
62.24.115.48/28,12455
62.24.116.0/22,4558
62.24.116.0/22,12455
62.24.117.0/24,4558
62.24.117.0/24,12455
62.24.120.0/22,4558
62.24.120.0/22,12455
62.24.120.0/24,4558
62.24.121.232/29,4558
62.24.121.232/29,12455
62.24.122.0/24,4558
62.24.123.232/29,4558
62.24.123.232/29,12455
62.24.124.0/23,4558
62.24.124.0/23,12455
62.24.126.0/23,4558
62.24.126.0/23,12455
62.24.126.0/24,4558
62.24.126.0/24,12455
62.24.127.0/24,4558
62.24.127.0/24,12455
77.246.48.0/20,4558
77.246.48.0/22,4558
77.246.50.0/24,4558
77.246.51.0/24,4558
77.246.52.0/24,4558
77.246.53.0/24,4558
77.246.54.0/24,4558
77.246.55.0/24,4558
77.246.56.0/23,4558
80.240.192.0/20,4558
80.240.192.0/20,21280
80.240.196.0/24,4558
80.240.196.0/24,21280
81.52.179.32/30,4558
81.52.179.36/30,4558
81.52.180.17/32,4558
81.52.180.20/32,4558
105.48.0.0/13,4558
105.48.0.0/13,33771
105.56.0.0/14,4558
105.56.0.0/14,33771
105.160.0.0/13,4558
105.160.0.0/13,33771
105.160.0.0/14,4558
105.160.0.0/14,33771
105.164.0.0/14,4558
105.164.0.0/14,33771
105.178.0.0/15,4558
105.230.0.0/15,4558
105.230.0.0/15,12455
105.230.64.0/18,4558
105.230.64.0/18,12455
105.230.128.0/19,4558
105.230.128.0/19,12455
119.161.50.0/24,4558
137.158.0.0/16,4558
137.214.0.0/16,4558
137.215.0.0/16,4558
143.128.0.0/16,4558
143.128.0.0/17,4558
143.128.128.0/17,4558
143.160.0.0/24,4558
143.160.1.0/24,4558
143.160.2.0/24,4558
143.160.3.0/24,4558
143.160.4.0/22,4558
143.160.8.0/22,4558
143.160.12.0/22,4558
143.160.16.0/20,4558
143.160.32.0/22,4558
143.160.36.0/22,4558
143.160.40.0/21,4558
143.160.48.0/22,4558
143.160.52.0/22,4558
143.160.56.0/22,4558
143.160.60.0/22,4558
143.160.64.0/21,4558
143.160.72.0/22,4558
143.160.76.0/22,4558
143.160.80.0/22,4558
143.160.84.0/22,4558
143.160.88.0/21,4558
143.160.96.0/22,4558
143.160.100.0/22,4558
143.160.104.0/21,4558
143.160.112.0/21,4558
143.160.120.0/22,4558
143.160.124.0/24,4558
143.160.125.0/24,4558
143.160.126.0/24,4558
143.160.127.0/24,4558
143.160.128.0/19,4558
143.160.160.0/20,4558
143.160.176.0/21,4558
143.160.188.0/24,4558
143.160.189.0/24,4558
143.160.190.0/24,4558
143.160.191.0/24,4558
143.160.192.0/21,4558
143.160.200.0/21,4558
143.160.208.0/22,4558
143.160.212.0/22,4558
143.160.216.0/22,4558
143.160.220.0/22,4558
143.160.224.0/20,4558
143.160.240.0/21,4558
143.160.248.0/22,4558
143.160.252.0/22,4558
146.64.0.0/16,4558
146.64.0.0/17,4558
146.64.51.0/24,4558
146.64.128.0/17,4558
146.141.0.0/16,4558
146.182.0.0/16,4558
146.230.0.0/16,4558
146.230.0.0/17,4558
146.230.128.0/17,4558
146.231.0.0/17,4558
146.231.128.0/18,4558
146.231.128.0/21,4558
146.231.192.0/18,4558
146.232.0.0/17,4558
146.232.128.0/17,4558
152.106.0.0/16,4558
152.112.0.0/16,4558
152.112.200.0/24,4558
154.0.128.0/20,4558
154.0.128.0/20,37273
154.0.128.0/24,4558
154.0.128.0/24,37273
154.0.129.0/24,4558
154.0.129.0/24,37273
154.0.130.0/24,4558
154.0.130.0/24,37273
154.0.131.0/24,4558
154.0.131.0/24,37273
154.0.132.0/24,4558
154.0.132.0/24,37273
154.0.133.0/24,4558
154.0.133.0/24,37273
154.0.134.0/24,4558
154.0.134.0/24,37273
154.0.135.0/24,4558
154.0.135.0/24,37273
154.0.136.0/23,4558
154.0.136.0/23,37273
154.0.136.0/24,4558
154.0.136.0/24,37273
154.0.137.0/24,4558
154.0.137.0/24,37273
154.0.138.0/24,4558
154.0.138.0/24,37273
154.0.139.0/24,4558
154.0.139.0/24,37273
154.0.140.0/24,4558
154.0.140.0/24,37273
154.0.141.0/24,4558
154.0.141.0/24,37273
154.0.142.0/24,4558
154.0.142.0/24,37273
154.0.143.0/24,4558
154.0.143.0/24,37273
154.65.16.0/22,4558
154.65.44.0/22,4558
154.66.216.0/22,4558
154.66.216.0/24,4558
154.70.0.0/18,4558
154.70.0.0/18,15399
154.70.0.0/21,4558
154.70.0.0/21,15399
154.70.8.0/21,4558
154.70.8.0/21,15399
154.70.16.0/20,4558
154.70.16.0/20,15399
154.70.32.0/23,4558
154.70.32.0/23,15399
154.70.34.0/23,4558
154.70.34.0/23,15399
154.70.36.0/24,4558
154.70.36.0/24,15399
154.70.37.0/24,4558
154.70.37.0/24,15399
154.70.38.0/24,4558
154.70.38.0/24,15399
154.70.39.0/24,4558
154.70.39.0/24,15399
154.70.40.0/22,4558
154.70.40.0/22,15399
154.70.44.0/22,4558
154.70.44.0/22,15399
154.70.48.0/20,4558
154.70.48.0/20,15399
154.70.156.0/22,4558
154.70.156.0/22,37273
154.70.157.0/24,4558
154.70.157.0/24,37273
154.70.196.0/24,4558
154.70.197.0/24,4558
154.70.198.0/24,4558
154.70.199.0/24,4558
154.72.0.0/22,4558
154.72.192.0/19,4558
154.72.192.0/19,37273
154.73.40.0/24,4558
154.73.41.0/24,4558
154.73.42.0/24,4558
154.73.43.0/24,4558
154.76.0.0/15,4558
154.76.0.0/15,12455
154.119.0.0/19,4558
154.119.0.0/20,4558
154.119.0.0/21,4558
154.119.0.0/22,4558
154.119.0.0/23,4558
154.119.0.0/24,4558
154.120.192.0/18,4558
154.120.224.0/19,4558
154.122.0.0/15,4558
154.122.0.0/15,12455
154.122.0.0/16,4558
154.122.0.0/16,12455
154.123.0.0/16,4558
154.123.0.0/16,12455
154.123.0.0/20,4558
154.123.0.0/20,12455
155.232.0.0/16,4558
155.232.0.0/17,4558
155.232.25.0/24,4558
155.232.37.0/24,4558
155.232.240.0/24,4558
155.232.248.0/24,4558
155.238.0.0/16,4558
155.240.160.0/19,4558
155.240.192.0/19,4558
155.240.224.0/19,4558
163.200.0.0/16,4558
168.172.0.0/16,4558
169.255.8.0/22,4558
169.255.48.0/22,4558
185.25.208.0/22,4558
192.33.10.0/24,4558
192.42.99.0/24,4558
192.94.61.0/24,4558
192.94.210.0/24,4558
192.96.2.0/24,4558
192.96.5.0/24,4558
192.96.7.0/24,4558
192.96.8.0/24,4558
192.96.15.0/24,4558
192.96.20.0/24,4558
192.96.109.0/24,4558
192.96.140.0/24,4558
192.96.141.0/24,4558
192.96.142.0/24,4558
192.96.247.0/24,4558
192.96.248.0/23,4558
192.96.250.0/24,4558
192.96.252.0/24,4558
192.102.9.0/24,4558
192.175.48.0/24,4558
193.108.214.0/24,4558
193.108.252.0/22,4558
193.251.250.88/30,4558
194.9.64.0/23,4558
194.9.64.0/24,4558
194.9.65.0/24,4558
194.9.82.0/23,4558
194.9.82.0/23,36915
194.201.253.0/24,4558
194.201.253.0/24,25568
195.202.64.0/19,4558
195.202.64.0/21,4558
195.202.64.0/22,4558
195.202.64.0/23,4558
195.202.64.0/24,4558
195.202.65.0/24,4558
195.202.66.0/23,4558
195.202.68.0/22,4558
195.202.69.0/24,4558
195.202.69.0/24,37578
195.202.72.0/21,4558
195.202.72.0/22,4558
195.202.76.0/22,4558
195.202.76.0/22,37578
195.202.80.0/20,4558
195.229.27.52/30,4558
196.0.0.0/16,4558
196.0.0.0/16,37273
196.0.1.0/24,4558
196.0.1.0/24,37273
196.0.2.0/23,4558
196.0.2.0/23,37273
196.0.2.0/24,4558
196.0.2.0/24,37273
196.0.4.0/23,4558
196.0.4.0/23,37273
196.0.14.0/23,4558
196.0.14.0/23,37273
196.0.16.0/23,4558
196.0.16.0/23,37273
196.0.24.0/24,4558
196.0.24.0/24,37273
196.0.28.0/23,4558
196.0.28.0/23,37273
196.0.40.0/24,4558
196.0.40.0/24,37273
196.0.42.0/23,4558
196.0.42.0/23,37273
196.0.80.0/22,4558
196.0.80.0/22,37273
196.0.80.0/23,4558
196.0.80.0/23,37273
196.1.4.0/24,4558
196.1.52.0/22,4558
196.1.52.0/24,4558
196.1.53.0/24,4558
196.1.54.0/23,4558
196.1.131.0/24,4558
196.1.132.0/24,4558
196.1.132.0/24,12455
196.2.8.0/21,4558
196.2.8.0/24,4558
196.2.9.0/24,4558
196.2.10.0/24,4558
196.2.11.0/24,4558
196.2.12.0/24,4558
196.2.13.0/24,4558
196.2.14.0/24,4558
196.2.15.0/24,4558
196.2.64.0/20,4558
196.2.68.0/24,4558
196.4.95.0/24,4558
196.6.198.0/24,4558
196.6.202.0/24,4558
196.6.203.0/24,4558
196.6.215.0/24,4558
196.6.220.0/24,4558
196.6.220.0/27,4558
196.6.221.0/24,4558
196.8.207.0/24,4558
196.8.207.0/24,37273
196.8.208.0/24,4558
196.8.208.0/24,37273
196.8.210.0/24,4558
196.8.215.0/24,4558
196.10.121.0/24,4558
196.10.138.0/23,4558
196.10.138.0/23,37273
196.10.138.0/24,4558
196.10.138.0/24,37273
196.10.139.0/24,37273
196.10.139.0/24,4558
196.10.147.0/24,4558
196.10.203.0/24,4558
196.11.76.0/22,4558
196.11.98.0/24,4558
196.11.124.0/24,4558
196.11.136.0/22,4558
196.11.140.0/22,4558
196.11.235.0/24,4558
196.12.128.0/19,4558
196.12.143.0/24,4558
196.13.115.0/24,4558
196.13.116.0/24,4558
196.13.117.0/24,4558
196.13.118.0/24,4558
196.13.119.0/24,4558
196.13.121.0/24,4558
196.13.121.160/27,4558
196.13.133.0/24,4558
196.13.150.0/24,4558
196.13.184.0/24,4558
196.13.185.0/24,4558
196.13.187.0/24,4558
196.13.188.0/23,4558
196.13.190.0/24,4558
196.13.200.0/24,4558
196.13.223.0/24,4558
196.13.250.0/24,4558
196.21.0.0/16,4558
196.21.40.0/24,4558
196.21.42.0/24,4558
196.21.44.0/22,4558
196.21.146.0/24,4558
196.21.147.0/24,4558
196.21.158.0/24,4558
196.21.159.0/24,4558
196.21.172.0/24,4558
196.21.180.0/23,4558
196.21.182.0/23,4558
196.21.184.0/24,4558
196.21.192.0/21,4558
196.21.197.0/24,4558
196.21.233.0/24,4558
196.21.237.0/24,4558
196.21.250.0/24,4558
196.22.131.0/24,4558
196.24.0.0/16,4558
196.24.70.0/24,4558
196.24.72.0/24,4558
196.24.73.0/24,4558
196.24.102.0/24,4558
196.24.128.0/18,4558
196.24.245.0/24,4558
196.27.96.0/19,4558
196.27.96.0/24,4558
196.27.113.0/24,4558
196.27.114.0/24,4558
196.27.119.0/24,4558
196.27.120.0/24,4558
196.27.122.0/24,4558
196.28.11.0/24,4558
196.29.32.0/21,4558
196.29.38.0/24,4558
196.32.226.0/23,4558
196.32.240.0/21,4558
196.32.240.0/22,4558
196.42.64.0/18,4558
196.43.96.0/19,4558
196.43.128.0/24,4558
196.43.130.0/24,4558
196.43.131.0/24,4558
196.43.132.0/22,4558
196.43.140.0/23,4558
196.43.143.0/24,4558
196.43.144.0/23,4558
196.43.146.0/23,4558
196.43.148.0/24,4558
196.43.150.0/24,4558
196.43.152.0/24,4558
196.43.153.0/24,4558
196.43.154.0/24,4558
196.43.155.0/24,4558
196.43.156.0/24,4558
196.43.157.0/24,4558
196.43.158.0/24,4558
196.43.159.0/24,4558
196.43.160.0/24,4558
196.43.161.0/24,4558
196.43.162.0/24,4558
196.43.163.0/24,4558
196.43.164.0/23,4558
196.43.205.0/24,4558
196.43.217.0/24,4558
196.43.218.0/24,4558
196.43.220.0/24,4558
196.43.226.0/24,4558
196.43.226.0/24,37273
196.43.228.0/24,4558
196.43.239.0/24,4558
196.43.246.0/24,4558
196.43.248.0/24,36866
196.43.248.0/24,4558
196.44.176.0/22,4558
196.44.176.0/23,4558
196.44.178.0/23,4558
196.44.181.0/24,4558
196.44.182.0/23,4558
196.44.184.0/24,4558
196.44.186.0/23,4558
196.44.188.0/22,4558
196.44.188.0/23,4558
196.44.190.0/23,4558
196.45.32.0/20,4558
196.45.32.0/21,4558
196.45.34.0/23,4558
196.45.36.0/24,4558
196.45.40.0/24,4558
196.45.42.0/24,4558
196.45.43.0/24,4558
196.45.44.0/24,4558
196.45.46.0/23,4558
196.45.46.0/24,4558
196.45.120.0/23,4558
196.45.120.0/23,37273
196.45.120.0/24,4558
196.45.120.0/24,37273
196.45.121.0/24,4558
196.45.121.0/24,37273
196.46.16.0/24,4558
196.46.124.0/24,4558
196.49.3.0/24,4558
196.200.16.0/20,4558
196.200.16.0/20,15808
196.200.16.0/21,4558
196.200.16.0/21,15808
196.200.16.0/24,4558
196.200.16.0/24,15808
196.200.32.0/20,4558
196.200.32.0/20,15399
196.200.33.0/24,4558
196.200.33.0/24,15399
196.200.34.0/24,4558
196.200.34.0/24,15399
196.200.36.0/24,4558
196.200.36.0/24,15399
196.200.37.0/24,4558
196.200.37.0/24,15399
196.200.38.0/24,4558
196.200.38.0/24,15399
196.200.40.0/24,4558
196.200.40.0/24,15399
196.200.41.0/24,4558
196.200.41.0/24,15399
196.200.42.0/24,4558
196.200.42.0/24,15399
196.200.44.0/24,4558
196.200.44.0/24,15399
196.200.46.0/24,4558
196.200.46.0/24,15399
196.200.47.0/24,4558
196.200.47.0/24,15399
196.201.1.0/24,4558
196.201.16.0/21,4558
196.201.208.0/20,4558
196.201.208.0/20,33771
196.201.208.0/22,4558
196.201.208.0/22,33771
196.201.208.0/23,4558
196.201.208.0/23,33771
196.201.208.0/24,4558
196.201.208.0/24,33771
196.201.209.0/24,4558
196.201.209.0/24,33771
196.201.210.0/24,4558
196.201.210.0/24,33771
196.201.212.0/24,4558
196.201.212.0/24,33771
196.201.213.0/24,4558
196.201.213.0/24,33771
196.201.214.0/24,4558
196.201.214.0/24,33771
196.201.215.0/24,4558
196.201.215.0/24,33771
196.201.216.0/24,4558
196.201.216.0/24,33771
196.201.217.0/24,4558
196.201.217.0/24,33771
196.201.223.0/24,4558
196.201.223.0/24,33771
196.201.224.0/22,4558
196.201.224.0/22,36866
196.201.224.0/24,4558
196.201.224.0/24,36866
196.201.225.0/24,4558
196.201.225.0/24,36866
196.201.226.0/24,4558
196.201.226.0/24,36866
196.201.227.0/24,4558
196.201.227.0/24,36866
196.201.228.0/22,4558
196.201.228.0/22,33770
196.201.228.0/24,4558
196.201.228.0/24,33770
196.201.229.0/24,4558
196.201.229.0/24,33770
196.201.231.0/24,4558
196.201.231.0/24,33770
196.202.192.0/19,4558
196.202.192.0/19,12455
196.202.193.0/24,4558
196.202.193.0/24,12455
196.202.193.0/30,4558
196.202.193.8/29,4558
196.202.193.8/29,12455
196.202.193.32/29,4558
196.202.193.32/29,12455
196.202.193.56/29,4558
196.202.193.56/29,12455
196.202.193.64/27,4558
196.202.193.64/27,12455
196.202.193.128/30,4558
196.202.193.132/30,4558
196.202.193.134/32,4558
196.202.193.216/29,4558
196.202.193.216/29,12455
196.202.193.228/30,4558
196.202.193.240/29,4558
196.202.193.240/29,12455
196.202.193.248/29,4558
196.202.193.248/29,12455
196.202.194.0/23,4558
196.202.194.0/23,12455
196.202.194.0/24,4558
196.202.194.0/24,12455
196.202.194.8/30,4558
196.202.194.24/30,4558
196.202.194.28/30,4558
196.202.194.40/30,4558
196.202.194.44/30,4558
196.202.194.72/30,4558
196.202.194.88/30,4558
196.202.194.92/30,4558
196.202.194.96/30,4558
196.202.194.100/30,4558
196.202.194.112/30,4558
196.202.194.116/30,4558
196.202.194.124/30,4558
196.202.194.144/30,4558
196.202.194.148/30,4558
196.202.194.156/30,4558
196.202.194.176/29,4558
196.202.194.176/29,12455
196.202.194.200/30,4558
196.202.194.204/30,4558
196.202.194.212/30,4558
196.202.194.220/30,4558
196.202.195.0/24,4558
196.202.195.0/24,12455
196.202.196.0/23,4558
196.202.196.0/23,12455
196.202.196.0/24,4558
196.202.196.0/24,12455
196.202.196.28/30,4558
196.202.196.80/28,4558
196.202.196.80/28,12455
196.202.196.104/30,4558
196.202.196.106/32,4558
196.202.196.124/30,4558
196.202.196.248/30,4558
196.202.197.0/24,4558
196.202.197.0/24,12455
196.202.197.0/25,4558
196.202.197.0/25,12455
196.202.197.128/26,4558
196.202.197.128/26,12455
196.202.197.192/26,4558
196.202.197.192/26,12455
196.202.198.0/23,4558
196.202.198.0/23,12455
196.202.199.0/24,4558
196.202.199.0/24,12455
196.202.199.0/29,4558
196.202.199.0/29,12455
196.202.199.8/29,4558
196.202.199.8/29,12455
196.202.199.40/30,4558
196.202.199.44/30,4558
196.202.199.48/29,4558
196.202.199.48/29,12455
196.202.199.64/29,4558
196.202.199.64/29,12455
196.202.199.72/29,4558
196.202.199.72/29,12455
196.202.199.96/29,4558
196.202.199.96/29,12455
196.202.199.96/30,4558
196.202.199.100/30,4558
196.202.199.104/29,4558
196.202.199.104/29,12455
196.202.199.112/30,4558
196.202.199.140/30,4558
196.202.199.152/29,4558
196.202.199.152/29,12455
196.202.199.160/30,4558
196.202.199.172/30,4558
196.202.199.174/32,4558
196.202.199.176/29,4558
196.202.199.176/29,12455
196.202.199.184/30,4558
196.202.199.192/30,4558
196.202.199.196/30,4558
196.202.199.216/30,4558
196.202.199.236/30,4558
196.202.200.0/23,4558
196.202.200.0/23,12455
196.202.200.0/24,4558
196.202.200.0/24,12455
196.202.200.12/30,4558
196.202.200.14/32,4558
196.202.200.16/29,4558
196.202.200.16/29,12455
196.202.200.48/30,4558
196.202.200.52/30,4558
196.202.200.56/29,4558
196.202.200.56/29,12455
196.202.200.92/30,4558
196.202.200.100/30,4558
196.202.200.104/29,4558
196.202.200.104/29,12455
196.202.200.128/28,4558
196.202.200.128/28,12455
196.202.200.152/29,4558
196.202.200.152/29,12455
196.202.200.168/29,4558
196.202.200.168/29,12455
196.202.200.176/30,4558
196.202.200.184/29,4558
196.202.200.184/29,12455
196.202.200.208/30,4558
196.202.200.222/32,4558
196.202.201.0/24,4558
196.202.201.0/24,12455
196.202.202.0/23,4558
196.202.202.0/23,12455
196.202.202.0/24,4558
196.202.202.0/24,12455
196.202.202.0/29,4558
196.202.202.0/29,12455
196.202.202.16/29,4558
196.202.202.16/29,12455
196.202.202.32/29,4558
196.202.202.32/29,12455
196.202.202.40/29,4558
196.202.202.40/29,12455
196.202.202.56/30,4558
196.202.202.88/29,4558
196.202.202.88/29,12455
196.202.202.96/29,4558
196.202.202.96/29,12455
196.202.202.120/30,4558
196.202.202.124/30,4558
196.202.202.128/28,4558
196.202.202.128/28,12455
196.202.202.152/30,4558
196.202.202.156/30,4558
196.202.202.158/32,4558
196.202.202.160/30,4558
196.202.202.168/29,4558
196.202.202.168/29,12455
196.202.202.176/29,4558
196.202.202.176/29,12455
196.202.202.192/28,4558
196.202.202.192/28,12455
196.202.202.220/30,4558
196.202.202.224/29,4558
196.202.202.224/29,12455
196.202.202.236/30,4558
196.202.202.238/32,4558
196.202.202.240/29,4558
196.202.202.240/29,12455
196.202.203.0/24,4558
196.202.203.0/24,12455
196.202.204.0/23,4558
196.202.204.0/23,12455
196.202.204.0/24,4558
196.202.204.0/24,12455
196.202.205.0/24,4558
196.202.205.0/24,12455
196.202.206.0/23,4558
196.202.206.0/23,12455
196.202.206.0/24,4558
196.202.206.0/24,12455
196.202.207.0/24,4558
196.202.207.0/24,12455
196.202.208.0/22,4558
196.202.208.0/22,12455
196.202.208.0/24,4558
196.202.208.0/24,12455
196.202.209.0/24,4558
196.202.209.0/24,12455
196.202.210.0/24,4558
196.202.210.0/24,12455
196.202.211.0/24,4558
196.202.211.0/24,12455
196.202.212.0/22,4558
196.202.212.0/22,12455
196.202.212.0/24,4558
196.202.212.0/24,12455
196.202.213.0/24,4558
196.202.213.0/24,12455
196.202.214.0/23,4558
196.202.214.0/23,12455
196.202.214.0/24,4558
196.202.214.0/24,12455
196.202.215.0/24,4558
196.202.215.0/24,12455
196.202.216.0/22,4558
196.202.216.0/22,12455
196.202.216.0/24,4558
196.202.216.0/24,12455
196.202.217.0/24,4558
196.202.217.0/24,12455
196.202.218.0/23,4558
196.202.218.0/23,12455
196.202.218.0/24,4558
196.202.218.0/24,12455
196.202.218.8/30,4558
196.202.218.32/29,4558
196.202.218.32/29,12455
196.202.218.60/30,4558
196.202.218.72/29,4558
196.202.218.72/29,12455
196.202.218.96/29,4558
196.202.218.96/29,12455
196.202.218.108/30,4558
196.202.218.112/29,4558
196.202.218.112/29,12455
196.202.218.128/29,4558
196.202.218.128/29,12455
196.202.218.156/30,4558
196.202.218.160/30,4558
196.202.218.164/30,4558
196.202.218.176/29,4558
196.202.218.176/29,12455
196.202.218.212/30,4558
196.202.218.236/30,4558
196.202.218.240/29,4558
196.202.218.240/29,12455
196.202.218.248/29,4558
196.202.218.248/29,12455
196.202.219.0/30,4558
196.202.219.8/29,4558
196.202.219.8/29,12455
196.202.219.16/29,4558
196.202.219.16/29,12455
196.202.219.48/30,4558
196.202.219.56/29,4558
196.202.219.56/29,12455
196.202.219.80/29,4558
196.202.219.80/29,12455
196.202.219.104/30,4558
196.202.219.108/30,4558
196.202.219.120/30,4558
196.202.219.148/30,4558
196.202.219.150/32,4558
196.202.219.160/29,4558
196.202.219.160/29,12455
196.202.219.184/29,4558
196.202.219.184/29,12455
196.202.219.224/29,4558
196.202.219.224/29,12455
196.202.219.248/29,4558
196.202.219.248/29,12455
196.202.220.0/23,4558
196.202.220.0/23,12455
196.202.220.0/24,4558
196.202.220.0/24,12455
196.202.221.0/24,4558
196.202.221.0/24,12455
196.202.221.0/25,4558
196.202.221.0/25,12455
196.202.221.128/30,4558
196.202.221.132/30,4558
196.202.221.134/32,4558
196.202.221.136/29,4558
196.202.221.136/29,12455
196.202.221.144/29,4558
196.202.221.144/29,12455
196.202.221.152/30,4558
196.202.221.160/29,4558
196.202.221.160/29,12455
196.202.221.176/30,4558
196.202.221.184/29,4558
196.202.221.184/29,12455
196.202.222.0/23,4558
196.202.222.0/23,12455
196.207.16.0/20,4558
196.207.16.0/20,15808
196.207.23.0/24,4558
196.207.23.0/24,15808
196.207.28.0/24,4558
196.207.28.0/24,15808
196.207.31.0/24,4558
196.207.31.0/24,15808
196.216.64.0/19,4558
196.216.64.0/19,21280
196.216.80.0/20,4558
196.216.80.0/20,21280
196.216.129.0/24,4558
196.216.130.0/24,4558
196.216.131.0/24,4558
196.216.162.0/24,4558
196.216.234.0/23,4558
196.216.242.0/23,4558
196.216.242.0/24,4558
196.216.245.0/24,4558
196.216.245.0/24,25568
196.223.21.0/24,4558
196.248.0.0/16,4558
196.249.0.0/18,4558
196.249.0.0/19,4558
196.252.0.0/17,4558
196.252.128.0/17,4558
196.253.0.0/18,4558
196.253.64.0/18,4558
196.253.128.0/17,4558
196.254.0.0/15,4558
196.254.0.0/16,4558
196.255.0.0/16,4558
197.136.0.0/14,4558
197.136.0.0/14,36914
197.136.64.0/19,4558
197.136.64.0/19,36914
197.149.140.0/22,4558
197.149.140.0/23,4558
197.149.140.0/24,4558
197.149.141.0/24,4558
197.149.142.0/23,4558
197.149.142.0/24,4558
197.149.143.0/24,4558
197.155.64.0/19,4558
197.155.64.0/19,33770
197.155.64.0/22,4558
197.155.64.0/22,33770
197.155.64.0/24,4558
197.155.64.0/24,33770
197.155.66.0/24,4558
197.155.66.0/24,33770
197.155.67.0/24,4558
197.155.67.0/24,33770
197.155.68.0/24,4558
197.155.68.0/24,33770
197.155.69.0/24,4558
197.155.69.0/24,33770
197.155.70.0/24,4558
197.155.70.0/24,33770
197.155.77.0/24,4558
197.155.77.0/24,33770
197.155.78.0/24,4558
197.155.78.0/24,33770
197.155.79.0/24,4558
197.155.79.0/24,33770
197.155.80.0/24,4558
197.155.80.0/24,33770
197.155.82.0/24,4558
197.155.82.0/24,33770
197.155.83.0/24,4558
197.155.83.0/24,33770
197.155.93.0/24,4558
197.155.93.0/24,33770
197.155.93.64/29,4558
197.155.94.0/23,4558
197.155.94.0/23,33770
197.155.224.0/20,4558
197.156.128.0/18,4558
197.156.128.0/18,12455
197.156.128.0/19,4558
197.156.128.0/19,12455
197.156.128.0/23,4558
197.156.128.0/23,12455
197.156.130.0/23,4558
197.156.130.0/23,12455
197.156.132.0/23,4558
197.156.132.0/23,12455
197.156.132.0/24,4558
197.156.132.0/24,12455
197.156.132.8/29,4558
197.156.132.8/29,12455
197.156.132.20/30,4558
197.156.132.40/30,4558
197.156.132.60/30,4558
197.156.132.84/30,4558
197.156.132.86/32,4558
197.156.132.88/29,4558
197.156.132.88/29,12455
197.156.132.104/30,4558
197.156.132.112/30,4558
197.156.132.116/30,4558
197.156.132.128/29,4558
197.156.132.128/29,12455
197.156.132.136/29,4558
197.156.132.136/29,12455
197.156.132.168/29,4558
197.156.132.168/29,12455
197.156.132.200/29,4558
197.156.132.200/29,12455
197.156.132.212/30,4558
197.156.132.216/29,4558
197.156.132.216/29,12455
197.156.132.224/30,4558
197.156.132.228/30,4558
197.156.132.232/30,4558
197.156.132.240/30,4558
197.156.132.248/29,4558
197.156.132.248/29,12455
197.156.133.8/29,4558
197.156.133.8/29,12455
197.156.133.16/30,4558
197.156.133.24/30,4558
197.156.133.28/30,4558
197.156.133.32/28,4558
197.156.133.32/28,12455
197.156.133.36/30,4558
197.156.133.48/29,4558
197.156.133.48/29,12455
197.156.135.0/24,4558
197.156.135.0/24,12455
197.156.136.0/21,4558
197.156.136.0/21,12455
197.156.136.0/24,4558
197.156.136.0/24,12455
197.156.137.0/24,4558
197.156.137.0/24,12455
197.157.128.0/18,4558
197.157.128.0/23,4558
197.157.130.0/23,4558
197.157.192.0/22,4558
197.157.192.0/23,4558
197.157.192.0/24,4558
197.157.193.0/24,4558
197.157.194.0/23,4558
197.157.228.0/22,4558
197.157.228.0/24,4558
197.157.229.0/24,4558
197.159.96.0/20,4558
197.176.0.0/13,4558
197.176.0.0/13,33771
197.176.0.0/14,4558
197.176.0.0/14,33771
197.176.0.0/17,4558
197.176.0.0/17,33771
197.176.128.0/17,4558
197.176.128.0/17,33771
197.177.0.0/17,4558
197.177.0.0/17,33771
197.177.128.0/17,4558
197.177.128.0/17,33771
197.178.0.0/17,4558
197.178.0.0/17,33771
197.178.128.0/17,4558
197.178.128.0/17,33771
197.179.0.0/17,4558
197.179.0.0/17,33771
197.179.128.0/17,4558
197.179.128.0/17,33771
197.180.0.0/14,4558
197.180.0.0/14,33771
197.180.0.0/17,4558
197.180.0.0/17,33771
197.180.128.0/17,4558
197.180.128.0/17,33771
197.181.0.0/17,4558
197.181.0.0/17,33771
197.181.128.0/17,4558
197.181.128.0/17,33771
197.182.0.0/17,4558
197.182.0.0/17,33771
197.182.128.0/17,4558
197.182.128.0/17,33771
197.183.0.0/17,4558
197.183.0.0/17,33771
197.183.128.0/17,4558
197.183.128.0/17,33771
197.211.0.0/19,4558
197.211.0.0/24,4558
197.211.2.0/24,4558
197.211.4.0/24,4558
197.211.5.0/24,4558
197.211.6.0/24,4558
197.211.7.0/24,4558
197.211.10.0/24,4558
197.211.14.0/24,4558
197.211.16.0/24,4558
197.211.20.0/24,4558
197.211.21.0/24,4558
197.211.23.0/24,4558
197.211.24.0/24,4558
197.211.26.0/24,4558
197.211.27.0/24,4558
197.211.29.0/24,4558
197.211.30.0/24,4558
197.211.192.0/18,4558
197.211.200.0/23,4558
197.211.204.0/23,4558
197.211.216.0/23,4558
197.211.219.0/24,4558
197.211.244.0/22,4558
197.211.248.0/21,4558
197.220.96.0/19,4558
197.220.96.0/24,4558
197.220.98.0/24,4558
197.220.99.0/24,4558
197.220.101.0/24,4558
197.220.104.0/24,4558
197.220.106.0/24,4558
197.220.107.0/24,4558
197.220.108.0/22,4558
197.220.108.0/24,4558
197.220.109.0/24,4558
197.220.112.0/20,4558
197.220.113.0/24,4558
197.220.114.0/23,4558
197.220.114.0/24,4558
197.220.115.0/24,4558
197.220.117.0/24,4558
197.220.118.0/23,4558
197.220.118.0/24,4558
197.220.120.0/23,4558
197.220.123.0/24,4558
197.220.124.0/24,4558
197.220.125.0/24,4558
197.220.126.0/24,4558
197.221.128.0/19,4558
197.221.128.0/19,37273
197.221.128.0/20,4558
197.221.128.0/20,37273
197.221.144.0/20,4558
197.221.144.0/20,37273
197.221.144.0/21,4558
197.221.144.0/21,37273
197.221.144.0/22,4558
197.221.144.0/22,37273
197.221.148.0/22,4558
197.221.148.0/22,37273
197.221.152.0/22,4558
197.221.152.0/22,37273
197.231.244.0/22,4558
197.231.244.0/23,4558
197.231.244.0/24,4558
197.231.245.0/24,4558
197.231.246.0/23,4558
197.231.246.0/24,4558
197.231.248.0/22,4558
197.231.248.0/23,4558
197.231.248.0/24,4558
197.231.249.0/24,4558
197.231.250.0/23,4558
197.231.250.0/24,4558
197.231.251.0/24,4558
197.232.0.0/16,4558
197.232.0.0/16,36866
197.232.0.0/22,4558
197.232.0.0/22,36866
197.232.0.0/23,4558
197.232.0.0/23,36866
197.232.2.0/23,4558
197.232.2.0/23,36866
197.232.4.0/22,4558
197.232.4.0/22,36866
197.232.4.0/23,4558
197.232.4.0/23,36866
197.232.6.0/23,4558
197.232.6.0/23,36866
197.232.8.0/22,4558
197.232.8.0/22,36866
197.232.12.0/22,4558
197.232.12.0/22,36866
197.232.12.0/23,4558
197.232.12.0/23,36866
197.232.14.0/23,4558
197.232.14.0/23,36866
197.232.16.0/22,4558
197.232.16.0/22,36866
197.232.16.0/23,4558
197.232.16.0/23,36866
197.232.18.0/23,4558
197.232.18.0/23,36866
197.232.20.0/23,4558
197.232.20.0/23,36866
197.232.22.0/23,4558
197.232.22.0/23,36866
197.232.24.0/23,4558
197.232.24.0/23,36866
197.232.26.0/23,4558
197.232.26.0/23,36866
197.232.28.0/23,4558
197.232.28.0/23,36866
197.232.30.0/23,4558
197.232.30.0/23,36866
197.232.240.0/23,4558
197.232.240.0/23,36866
197.232.242.0/23,4558
197.232.242.0/23,36866
197.232.244.0/23,4558
197.232.244.0/23,36866
197.232.246.0/23,4558
197.232.246.0/23,36866
197.232.248.0/22,4558
197.232.248.0/22,36866
197.232.248.0/23,4558
197.232.248.0/23,36866
197.232.252.0/22,4558
197.232.252.0/22,36866
197.232.252.0/23,4558
197.232.252.0/23,36866
197.234.236.0/24,4558
197.234.237.0/24,4558
197.234.237.0/24,37273
197.234.238.0/24,4558
197.234.238.0/24,37273
197.234.244.0/22,4558
197.237.0.0/16,4558
197.237.0.0/16,15399
197.237.0.0/22,4558
197.237.0.0/22,15399
197.237.4.0/23,4558
197.237.4.0/23,15399
197.237.6.0/23,4558
197.237.6.0/23,15399
197.237.8.0/21,4558
197.237.8.0/21,15399
197.237.16.0/22,4558
197.237.16.0/22,15399
197.237.20.0/23,4558
197.237.20.0/23,15399
197.237.22.0/23,4558
197.237.22.0/23,15399
197.237.32.0/23,4558
197.237.32.0/23,15399
197.237.34.0/23,4558
197.237.34.0/23,15399
197.237.36.0/22,4558
197.237.36.0/22,15399
197.237.56.0/22,4558
197.237.56.0/22,15399
197.237.60.0/22,4558
197.237.60.0/22,15399
197.237.64.0/19,4558
197.237.64.0/19,15399
197.237.100.0/22,4558
197.237.100.0/22,15399
197.237.104.0/22,4558
197.237.104.0/22,15399
197.237.108.0/22,4558
197.237.108.0/22,15399
197.237.112.0/24,4558
197.237.112.0/24,15399
197.237.114.0/23,4558
197.237.114.0/23,15399
197.237.116.0/23,4558
197.237.116.0/23,15399
197.237.118.0/24,4558
197.237.118.0/24,15399
197.237.119.0/24,4558
197.237.119.0/24,15399
197.237.120.0/23,4558
197.237.120.0/23,15399
197.237.122.0/23,4558
197.237.122.0/23,15399
197.237.124.0/23,4558
197.237.124.0/23,15399
197.237.126.0/24,4558
197.237.126.0/24,15399
197.237.127.0/24,4558
197.237.127.0/24,15399
197.237.128.0/24,4558
197.237.128.0/24,15399
197.237.129.0/24,4558
197.237.129.0/24,15399
197.237.130.0/24,4558
197.237.130.0/24,15399
197.237.131.0/24,4558
197.237.131.0/24,15399
197.237.132.0/24,4558
197.237.132.0/24,15399
197.237.133.0/24,4558
197.237.133.0/24,15399
197.237.134.0/24,4558
197.237.134.0/24,15399
197.237.135.0/24,4558
197.237.135.0/24,15399
197.237.136.0/24,4558
197.237.136.0/24,15399
197.237.140.0/22,4558
197.237.140.0/22,15399
197.237.144.0/22,4558
197.237.144.0/22,15399
197.237.148.0/22,4558
197.237.148.0/22,15399
197.237.152.0/22,4558
197.237.152.0/22,15399
197.237.156.0/22,4558
197.237.156.0/22,15399
197.237.160.0/22,4558
197.237.160.0/22,15399
197.237.164.0/22,4558
197.237.164.0/22,15399
197.237.168.0/22,4558
197.237.168.0/22,15399
197.237.172.0/23,4558
197.237.172.0/23,15399
197.237.174.0/23,4558
197.237.174.0/23,15399
197.237.176.0/23,4558
197.237.176.0/23,15399
197.237.178.0/23,4558
197.237.178.0/23,15399
197.237.180.0/22,4558
197.237.180.0/22,15399
197.237.184.0/22,4558
197.237.184.0/22,15399
197.237.188.0/24,4558
197.237.188.0/24,15399
197.237.190.0/23,4558
197.237.190.0/23,15399
197.237.192.0/22,4558
197.237.192.0/22,15399
197.237.196.0/24,4558
197.237.196.0/24,15399
197.237.197.0/24,4558
197.237.197.0/24,15399
197.237.198.0/24,4558
197.237.198.0/24,15399
197.237.199.0/24,4558
197.237.199.0/24,15399
197.237.200.0/24,4558
197.237.200.0/24,15399
197.237.201.0/24,4558
197.237.201.0/24,15399
197.237.202.0/24,4558
197.237.202.0/24,15399
197.237.203.0/24,4558
197.237.203.0/24,15399
197.237.204.0/23,4558
197.237.204.0/23,15399
197.237.206.0/23,4558
197.237.206.0/23,15399
197.237.208.0/24,4558
197.237.208.0/24,15399
197.237.209.0/24,4558
197.237.209.0/24,15399
197.237.210.0/24,4558
197.237.210.0/24,15399
197.237.211.0/24,4558
197.237.211.0/24,15399
197.237.212.0/23,4558
197.237.212.0/23,15399
197.237.214.0/24,4558
197.237.214.0/24,15399
197.237.215.0/24,4558
197.237.215.0/24,15399
197.237.216.0/23,4558
197.237.216.0/23,15399
197.237.218.0/24,4558
197.237.218.0/24,15399
197.237.219.0/24,4558
197.237.219.0/24,15399
197.237.220.0/24,4558
197.237.220.0/24,15399
197.237.221.0/24,4558
197.237.221.0/24,15399
197.237.222.0/24,4558
197.237.222.0/24,15399
197.237.223.0/24,4558
197.237.223.0/24,15399
197.237.224.0/24,4558
197.237.224.0/24,15399
197.237.225.0/24,4558
197.237.225.0/24,15399
197.237.226.0/24,4558
197.237.226.0/24,15399
197.237.227.0/24,4558
197.237.227.0/24,15399
197.237.228.0/24,4558
197.237.228.0/24,15399
197.237.229.0/24,4558
197.237.229.0/24,15399
197.237.230.0/24,4558
197.237.230.0/24,15399
197.237.231.0/24,4558
197.237.231.0/24,15399
197.237.232.0/24,4558
197.237.232.0/24,15399
197.237.233.0/24,4558
197.237.233.0/24,15399
197.237.234.0/23,4558
197.237.234.0/23,15399
197.237.236.0/24,4558
197.237.236.0/24,15399
197.237.237.0/24,4558
197.237.237.0/24,15399
197.237.240.0/24,4558
197.237.240.0/24,15399
197.237.241.0/24,4558
197.237.241.0/24,15399
197.237.242.0/24,4558
197.237.242.0/24,15399
197.237.243.0/24,4558
197.237.243.0/24,15399
197.237.244.0/24,4558
197.237.244.0/24,15399
197.237.245.0/24,4558
197.237.245.0/24,15399
197.237.246.0/24,4558
197.237.246.0/24,15399
197.237.247.0/24,4558
197.237.247.0/24,15399
197.237.248.0/21,4558
197.237.248.0/21,15399
197.239.0.0/18,4558
197.239.0.0/18,37273
197.239.0.0/19,4558
197.239.0.0/19,37273
197.239.0.0/20,4558
197.239.0.0/20,37273
197.239.1.0/24,4558
197.239.1.0/24,37273
197.239.3.0/24,4558
197.239.3.0/24,37273
197.239.4.0/24,4558
197.239.4.0/24,37273
197.239.5.0/24,4558
197.239.5.0/24,37273
197.239.16.0/20,4558
197.239.16.0/20,37273
197.239.31.0/24,4558
197.239.31.0/24,37273
197.239.128.0/18,4558
197.243.0.0/17,4558
197.243.0.0/20,4558
197.243.4.0/24,4558
197.243.14.0/23,4558
197.243.16.0/20,4558
197.243.33.0/24,4558
197.243.64.0/18,4558
197.243.118.0/24,4558
197.243.122.0/24,4558
197.243.124.0/22,4558
197.248.0.0/16,4558
197.248.0.0/16,33771
197.248.0.0/22,4558
197.248.0.0/22,33771
197.248.2.0/24,4558
197.248.2.0/24,33771
197.248.4.0/24,4558
197.248.4.0/24,33771
197.248.5.0/24,4558
197.248.5.0/24,33771
197.248.8.0/24,4558
197.248.8.0/24,33771
197.248.9.0/24,4558
197.248.9.0/24,33771
197.248.20.0/24,4558
197.248.20.0/24,33771
197.248.22.0/24,4558
197.248.22.0/24,33771
197.248.24.0/24,4558
197.248.24.0/24,33771
197.248.25.0/24,4558
197.248.25.0/24,33771
197.248.29.0/24,4558
197.248.29.0/24,33771
197.248.31.0/24,4558
197.248.31.0/24,33771
197.248.80.0/24,4558
197.248.80.0/24,33771
197.248.84.0/24,4558
197.248.84.0/24,33771
197.248.118.0/24,4558
197.248.118.0/24,33771
197.248.121.0/24,4558
197.248.121.0/24,33771
197.248.125.0/24,4558
197.248.125.0/24,33771
197.248.136.0/24,4558
197.248.136.0/24,33771
197.248.137.0/24,4558
197.248.137.0/24,33771
197.248.144.0/23,4558
197.248.144.0/23,33771
197.254.0.0/17,4558
197.254.0.0/17,15808
197.254.0.0/18,4558
197.254.0.0/18,15808
197.254.0.0/20,4558
197.254.0.0/20,15808
197.254.1.0/24,4558
197.254.1.0/24,15808
197.254.16.0/20,4558
197.254.16.0/20,15808
197.254.17.0/24,4558
197.254.17.0/24,15808
197.254.30.0/24,4558
197.254.30.0/24,15808
197.254.31.0/24,4558
197.254.31.0/24,15808
197.254.32.0/20,4558
197.254.32.0/20,15808
197.254.40.0/24,4558
197.254.40.0/24,15808
197.254.48.0/20,4558
197.254.48.0/20,15808
197.254.64.0/18,4558
197.254.64.0/18,15808
197.254.64.0/20,4558
197.254.64.0/20,15808
197.254.72.0/21,4558
197.254.72.0/21,15808
197.254.124.0/22,4558
197.254.124.0/22,15808
197.254.125.0/24,4558
197.254.125.0/24,15808
197.254.126.0/24,4558
197.254.126.0/24,15808
197.254.127.0/24,4558
197.254.127.0/24,15808
198.32.67.0/24,4558
198.54.58.0/24,4558
198.54.65.0/24,4558
198.54.66.0/24,4558
198.54.68.0/24,4558
198.54.91.0/24,4558
198.54.155.0/24,4558
198.54.173.0/24,4558
198.54.174.0/24,4558
198.54.223.0/24,4558
198.54.234.0/24,4558
198.54.249.0/24,4558
198.54.250.0/24,4558
198.54.251.0/24,4558
199.253.63.0/24,4558
206.51.26.1/32,4558
212.22.160.0/19,4558
212.22.160.0/19,12556
212.49.64.0/19,4558
212.49.64.0/19,12455
212.49.64.0/23,4558
212.49.64.0/23,12455
212.49.64.0/24,4558
212.49.64.0/24,12455
212.49.64.0/27,4558
212.49.64.0/27,12455
212.49.64.32/28,4558
212.49.64.32/28,12455
212.49.65.0/24,4558
212.49.65.0/24,12455
212.49.66.0/23,4558
212.49.66.0/23,12455
212.49.66.0/24,4558
212.49.66.0/24,12455
212.49.67.0/24,4558
212.49.67.0/24,12455
212.49.68.0/23,4558
212.49.68.0/23,12455
212.49.68.0/24,4558
212.49.68.0/24,12455
212.49.69.0/24,4558
212.49.69.0/24,12455
212.49.70.0/23,4558
212.49.70.0/23,12455
212.49.70.0/24,4558
212.49.70.0/24,12455
212.49.70.0/29,4558
212.49.70.0/29,12455
212.49.70.104/30,4558
212.49.70.112/28,4558
212.49.70.112/28,12455
212.49.70.138/32,4558
212.49.70.152/30,4558
212.49.70.172/30,4558
212.49.70.184/29,4558
212.49.70.184/29,12455
212.49.70.224/27,4558
212.49.70.224/27,12455
212.49.71.0/24,4558
212.49.71.0/24,12455
212.49.71.0/29,4558
212.49.71.0/29,12455
212.49.71.16/30,4558
212.49.71.18/32,4558
212.49.71.24/30,4558
212.49.71.26/32,4558
212.49.71.28/30,4558
212.49.71.64/29,4558
212.49.71.64/29,12455
212.49.71.80/29,4558
212.49.71.80/29,12455
212.49.71.88/30,4558
212.49.71.104/29,4558
212.49.71.104/29,12455
212.49.71.112/30,4558
212.49.71.120/30,4558
212.49.71.140/30,4558
212.49.71.188/30,4558
212.49.71.232/29,4558
212.49.71.232/29,12455
212.49.71.244/30,4558
212.49.72.0/24,4558
212.49.72.0/24,12455
212.49.73.0/24,4558
212.49.73.0/24,12455
212.49.73.128/25,4558
212.49.73.128/25,12455
212.49.74.0/23,4558
212.49.74.0/23,12455
212.49.74.0/24,4558
212.49.74.0/24,12455
212.49.75.0/24,4558
212.49.75.0/24,12455
212.49.76.0/23,4558
212.49.76.0/23,12455
212.49.76.0/24,4558
212.49.76.0/24,12455
212.49.77.0/24,4558
212.49.77.0/24,12455
212.49.77.32/30,4558
212.49.77.36/30,4558
212.49.77.40/29,4558
212.49.77.40/29,12455
212.49.77.48/29,4558
212.49.77.48/29,12455
212.49.77.72/29,4558
212.49.77.72/29,12455
212.49.77.80/30,4558
212.49.77.82/32,4558
212.49.77.84/30,4558
212.49.77.86/32,4558
212.49.77.88/29,4558
212.49.77.88/29,12455
212.49.77.96/29,4558
212.49.77.96/29,12455
212.49.77.108/30,4558
212.49.77.112/29,4558
212.49.77.112/29,12455
212.49.77.204/30,4558
212.49.77.208/29,4558
212.49.77.208/29,12455
212.49.77.220/30,4558
212.49.77.232/30,4558
212.49.77.240/29,4558
212.49.77.240/29,12455
212.49.77.248/29,4558
212.49.77.248/29,12455
212.49.78.0/23,4558
212.49.78.0/23,12455
212.49.78.0/24,4558
212.49.78.0/24,12455
212.49.79.0/24,4558
212.49.79.0/24,12455
212.49.80.0/23,4558
212.49.80.0/23,12455
212.49.80.0/24,4558
212.49.80.0/24,12455
212.49.81.0/24,4558
212.49.81.0/24,12455
212.49.82.0/23,4558
212.49.82.0/23,12455
212.49.82.0/24,4558
212.49.82.0/24,12455
212.49.83.0/24,4558
212.49.83.0/24,12455
212.49.84.0/23,4558
212.49.84.0/23,12455
212.49.84.0/24,4558
212.49.84.0/24,12455
212.49.85.0/24,4558
212.49.85.0/24,12455
212.49.86.0/23,4558
212.49.86.0/23,12455
212.49.86.0/24,4558
212.49.86.0/24,12455
212.49.87.0/24,4558
212.49.87.0/24,12455
212.49.88.0/24,4558
212.49.88.0/24,12455
212.49.88.0/27,4558
212.49.88.0/27,12455
212.49.88.33/32,4558
212.49.88.37/32,4558
212.49.88.38/32,4558
212.49.88.41/32,4558
212.49.88.44/32,4558
212.49.88.48/28,4558
212.49.88.48/28,12455
212.49.88.49/32,4558
212.49.88.64/28,4558
212.49.88.64/28,12455
212.49.88.80/29,4558
212.49.88.80/29,12455
212.49.88.96/28,4558
212.49.88.96/28,12455
212.49.88.96/29,4558
212.49.88.96/29,12455
212.49.88.104/29,4558
212.49.88.104/29,12455
212.49.88.112/28,4558
212.49.88.112/28,12455
212.49.88.240/28,4558
212.49.88.240/28,12455
212.49.89.0/24,4558
212.49.89.0/24,12455
212.49.90.0/23,4558
212.49.90.0/23,12455
212.49.90.0/24,4558
212.49.90.0/24,12455
212.49.91.0/24,4558
212.49.91.0/24,12455
212.49.91.80/28,4558
212.49.91.80/28,12455
212.49.91.128/28,4558
212.49.91.128/28,12455
212.49.92.0/23,4558
212.49.92.0/23,12455
212.49.92.0/24,4558
212.49.92.0/24,12455
212.49.93.0/24,4558
212.49.93.0/24,12455
212.49.94.0/23,4558
212.49.94.0/23,12455
212.49.94.0/24,4558
212.49.94.0/24,12455
212.49.94.0/29,4558
212.49.94.0/29,12455
212.49.95.0/24,4558
212.49.95.0/24,12455
212.49.95.140/32,4558
212.88.96.0/19,4558
213.147.64.0/19,4558
213.147.83.0/24,4558
213.150.96.0/21,4558
213.150.96.0/21,25568
213.150.104.0/22,4558
213.150.104.0/22,25568
213.150.108.0/22,4558
213.150.108.0/23,4558
213.150.108.0/23,25568
213.150.112.0/23,4558
213.150.112.0/23,25568
213.150.114.0/24,4558
213.150.114.0/24,25568
213.150.116.0/22,4558
213.150.116.0/22,25568
213.150.120.0/21,4558
213.150.120.0/21,25568
216.104.192.0/21,4558
216.104.200.0/24,4558
216.104.200.0/24,37273
216.104.201.0/24,4558
216.104.201.0/24,37273
216.104.202.0/24,4558
216.104.202.0/24,37273
216.104.203.0/24,4558
216.104.203.0/24,37273
216.104.204.0/24,4558
216.104.204.0/24,37273
216.104.205.0/24,4558
216.104.205.0/24,37273
216.104.206.0/24,4558
216.104.206.0/24,37273
216.104.207.0/24,4558
216.104.207.0/24,37273
217.15.112.0/20,4558
217.15.112.0/22,4558
217.15.116.0/24,4558
217.15.117.0/24,4558
217.15.118.0/23,4558
217.15.118.0/24,4558
217.15.119.0/24,4558
217.15.120.0/24,4558
217.15.121.0/24,4558
217.15.122.0/24,4558
217.15.123.0/24,4558
217.15.126.0/24,4558
217.21.112.0/20,4558
217.21.112.0/20,21280
217.21.120.0/21,4558
217.21.120.0/21,21280
217.21.125.0/24,4558
217.21.125.0/24,21280
217.21.126.0/24,4558
217.74.224.0/20,4558
217.74.235.0/24,4558
217.74.237.0/24,4558
217.74.238.0/24,4558
217.74.239.0/24,4558
217.199.144.0/20,4558
217.199.144.0/20,37578
217.199.148.0/24,4558
217.199.149.0/24,4558
217.199.149.0/24,37578
217.199.150.0/23,4558
217.199.152.0/23,4558
217.199.156.0/22,4558
2c0f:fe08::/32,4558
2c0f:ff90::/32,4558
